tool	wrapper	canonical_sha256
icc_shell	NOT_FOUND	NONE
icc2_shell	NOT_FOUND	NONE
fc_shell	NOT_FOUND	NONE
astro_shell	NOT_FOUND	NONE
psyn_shell	NOT_FOUND	NONE
mw_shell	NOT_FOUND	NONE
Milkyway	NOT_FOUND	NONE
MilkywayEnvironment	NOT_FOUND	NONE
pt_shell	NOT_FOUND	NONE
dc_shell	/data/synopsys/syn/T-2022.03-SP5-2/bin/dc_shell	23a4101c711fdb4747a57e6f9524d4989eb76a2b3120f0fa9766f4b25ae8e6d2
lc_shell	NOT_FOUND	NONE
fm_shell	NOT_FOUND	NONE
starrc_shell	NOT_FOUND	NONE
star_shell	NOT_FOUND	NONE
StarXtract64	NOT_FOUND	NONE
StarXtract	NOT_FOUND	NONE
starrc	NOT_FOUND	NONE
