pattern,object_name,object_type,ref_name,hierarchy,fanout,driver,load_cells,load_lanes,cross_multiple_lanes
"pop_q","gen_lane[0].i_p2_pop_slice/pop_q_reg",cell,"FDCE","gen_lane[0].i_p2_pop_slice",0,,0,,0
"pop_q","gen_lane[1].i_p2_pop_slice/pop_q_reg",cell,"FDCE","gen_lane[1].i_p2_pop_slice",0,,0,,0
"pop_q","gen_lane[2].i_p2_pop_slice/pop_q_reg",cell,"FDCE","gen_lane[2].i_p2_pop_slice",0,,0,,0
"pop_q","gen_lane[3].i_p2_pop_slice/pop_q_i_1",cell,"LUT3","gen_lane[3].i_p2_pop_slice",0,,0,,0
"pop_q","gen_lane[3].i_p2_pop_slice/pop_q_reg",cell,"FDCE","gen_lane[3].i_p2_pop_slice",0,,0,,0
"pop_q","gen_lane[0].i_p2_pop_slice/pop_q",net,,"gen_lane[0].i_p2_pop_slice",8,"gen_lane[0].i_p2_pop_slice/pop_q_reg/Q",8,"0",0
"pop_q","gen_lane[1].i_p2_pop_slice/pop_q",net,,"gen_lane[1].i_p2_pop_slice",8,"gen_lane[1].i_p2_pop_slice/pop_q_reg/Q",8,"1",0
"pop_q","gen_lane[1].i_p2_pop_slice/pop_q_reg_0",net,,"gen_lane[1].i_p2_pop_slice",1909,"i_vrf/gen_vrf_bram[3].i_vrf_bank/FSM_onehot_st_q[0]_i_3/O",1909,"0;1;2;3",1
"pop_q","gen_lane[2].i_p2_pop_slice/pop_q",net,,"gen_lane[2].i_p2_pop_slice",8,"gen_lane[2].i_p2_pop_slice/pop_q_reg/Q",8,"2",0
"pop_q","gen_lane[2].i_p2_pop_slice/pop_q_reg_0",net,,"gen_lane[2].i_p2_pop_slice",1909,"i_vrf/gen_vrf_bram[3].i_vrf_bank/FSM_onehot_st_q[0]_i_3/O",1909,"0;1;2;3",1
"pop_q","gen_lane[3].i_p2_pop_slice/pop_q",net,,"gen_lane[3].i_p2_pop_slice",8,"gen_lane[3].i_p2_pop_slice/pop_q_reg/Q",8,"3",0
"pop_q","gen_lane[3].i_p2_pop_slice/pop_q_reg_0",net,,"gen_lane[3].i_p2_pop_slice",1909,"i_vrf/gen_vrf_bram[3].i_vrf_bank/FSM_onehot_st_q[0]_i_3/O",1909,"0;1;2;3",1
"xor_q","gen_lane[0].i_p2_pop_slice/xor_q_reg",cell,"FDCE","gen_lane[0].i_p2_pop_slice",0,,0,,0
"xor_q","gen_lane[1].i_p2_pop_slice/xor_q_reg",cell,"FDCE","gen_lane[1].i_p2_pop_slice",0,,0,,0
"xor_q","gen_lane[2].i_p2_pop_slice/xor_q_reg",cell,"FDCE","gen_lane[2].i_p2_pop_slice",0,,0,,0
"xor_q","gen_lane[3].i_p2_pop_slice/xor_q_i_1",cell,"LUT4","gen_lane[3].i_p2_pop_slice",0,,0,,0
"xor_q","gen_lane[3].i_p2_pop_slice/xor_q_reg",cell,"FDCE","gen_lane[3].i_p2_pop_slice",0,,0,,0
"xor_q","gen_lane[0].i_p2_pop_slice/xor_q",net,,"gen_lane[0].i_p2_pop_slice",1,"gen_lane[0].i_p2_pop_slice/xor_q_reg/Q",1,"0",0
"xor_q","gen_lane[1].i_p2_pop_slice/xor_q",net,,"gen_lane[1].i_p2_pop_slice",1,"gen_lane[1].i_p2_pop_slice/xor_q_reg/Q",1,"1",0
"xor_q","gen_lane[2].i_p2_pop_slice/xor_q",net,,"gen_lane[2].i_p2_pop_slice",1,"gen_lane[2].i_p2_pop_slice/xor_q_reg/Q",1,"2",0
"xor_q","gen_lane[3].i_p2_pop_slice/xor_q",net,,"gen_lane[3].i_p2_pop_slice",1,"gen_lane[3].i_p2_pop_slice/xor_q_reg/Q",1,"3",0
"xor_q","gen_lane[3].i_p2_pop_slice/xor_q_reg_0[0]",net,,"gen_lane[3].i_p2_pop_slice",5,"uop_p1_q_reg[op_type][0]/Q",5,"3",0
"xor_q","gen_lane[3].i_p2_pop_slice/xor_q_reg_0[1]",net,,"gen_lane[3].i_p2_pop_slice",6,"uop_p1_q_reg[op_type][1]/Q",6,"3",0
"xor_q","gen_lane[3].i_p2_pop_slice/xor_q_reg_0[2]",net,,"gen_lane[3].i_p2_pop_slice",6,"uop_p1_q_reg[op_type][2]/Q",6,"3",0
"p1_pop_d","p1_pop_d",net,,".",4,"gen_lane[3].i_p2_pop_slice/pop_q_i_1/O",4,"0;1;2;3",1
"p1_xor_d","p1_xor_d",net,,".",4,"gen_lane[3].i_p2_pop_slice/xor_q_i_1/O",4,"0;1;2;3",1
"i_p2_pop_slice","gen_lane[0].i_p2_pop_slice",cell,"hdec_p2_pop_slice",".",0,,0,,0
"i_p2_pop_slice","gen_lane[0].i_p2_pop_slice/VCC",cell,"VCC","gen_lane[0].i_p2_pop_slice",0,,0,,0
"i_p2_pop_slice","gen_lane[0].i_p2_pop_slice/hsim_total_q[3]_i_12",cell,"LUT6","gen_lane[0].i_p2_pop_slice",0,,0,,0
"i_p2_pop_slice","gen_lane[0].i_p2_pop_slice/lane_result_q[0][63]_i_1",cell,"LUT6","gen_lane[0].i_p2_pop_slice",0,,0,,0
"i_p2_pop_slice","gen_lane[0].i_p2_pop_slice/pop_q_reg",cell,"FDCE","gen_lane[0].i_p2_pop_slice",0,,0,,0
"i_p2_pop_slice","gen_lane[0].i_p2_pop_slice/popcount_q_o_reg[0]",cell,"FDCE","gen_lane[0].i_p2_pop_slice",0,,0,,0
"i_p2_pop_slice","gen_lane[0].i_p2_pop_slice/popcount_q_o_reg[1]",cell,"FDCE","gen_lane[0].i_p2_pop_slice",0,,0,,0
"i_p2_pop_slice","gen_lane[0].i_p2_pop_slice/popcount_q_o_reg[2]",cell,"FDCE","gen_lane[0].i_p2_pop_slice",0,,0,,0
"i_p2_pop_slice","gen_lane[0].i_p2_pop_slice/popcount_q_o_reg[3]",cell,"FDCE","gen_lane[0].i_p2_pop_slice",0,,0,,0
"i_p2_pop_slice","gen_lane[0].i_p2_pop_slice/popcount_q_o_reg[4]",cell,"FDCE","gen_lane[0].i_p2_pop_slice",0,,0,,0
"i_p2_pop_slice","gen_lane[0].i_p2_pop_slice/popcount_q_o_reg[5]",cell,"FDCE","gen_lane[0].i_p2_pop_slice",0,,0,,0
"i_p2_pop_slice","gen_lane[0].i_p2_pop_slice/popcount_q_o_reg[6]",cell,"FDCE","gen_lane[0].i_p2_pop_slice",0,,0,,0
"i_p2_pop_slice","gen_lane[0].i_p2_pop_slice/xor_q_reg",cell,"FDCE","gen_lane[0].i_p2_pop_slice",0,,0,,0
"i_p2_pop_slice","gen_lane[1].i_p2_pop_slice",cell,"hdec_p2_pop_slice_0",".",0,,0,,0
"i_p2_pop_slice","gen_lane[1].i_p2_pop_slice/VCC",cell,"VCC","gen_lane[1].i_p2_pop_slice",0,,0,,0
"i_p2_pop_slice","gen_lane[1].i_p2_pop_slice/hsim_total_q[3]_i_10",cell,"LUT4","gen_lane[1].i_p2_pop_slice",0,,0,,0
"i_p2_pop_slice","gen_lane[1].i_p2_pop_slice/hsim_total_q[3]_i_13",cell,"LUT4","gen_lane[1].i_p2_pop_slice",0,,0,,0
"i_p2_pop_slice","gen_lane[1].i_p2_pop_slice/hsim_total_q[3]_i_14",cell,"LUT4","gen_lane[1].i_p2_pop_slice",0,,0,,0
"i_p2_pop_slice","gen_lane[1].i_p2_pop_slice/hsim_total_q[3]_i_16",cell,"LUT3","gen_lane[1].i_p2_pop_slice",0,,0,,0
"i_p2_pop_slice","gen_lane[1].i_p2_pop_slice/hsim_total_q[7]_i_12",cell,"LUT5","gen_lane[1].i_p2_pop_slice",0,,0,,0
"i_p2_pop_slice","gen_lane[1].i_p2_pop_slice/hsim_total_q[7]_i_20",cell,"LUT3","gen_lane[1].i_p2_pop_slice",0,,0,,0
"i_p2_pop_slice","gen_lane[1].i_p2_pop_slice/hsim_total_q[7]_i_21",cell,"LUT3","gen_lane[1].i_p2_pop_slice",0,,0,,0
"i_p2_pop_slice","gen_lane[1].i_p2_pop_slice/lane_result_q[1][63]_i_1",cell,"LUT6","gen_lane[1].i_p2_pop_slice",0,,0,,0
"i_p2_pop_slice","gen_lane[1].i_p2_pop_slice/pop_q_reg",cell,"FDCE","gen_lane[1].i_p2_pop_slice",0,,0,,0
"i_p2_pop_slice","gen_lane[1].i_p2_pop_slice/popcount_q_o_reg[0]",cell,"FDCE","gen_lane[1].i_p2_pop_slice",0,,0,,0
"i_p2_pop_slice","gen_lane[1].i_p2_pop_slice/popcount_q_o_reg[1]",cell,"FDCE","gen_lane[1].i_p2_pop_slice",0,,0,,0
"i_p2_pop_slice","gen_lane[1].i_p2_pop_slice/popcount_q_o_reg[2]",cell,"FDCE","gen_lane[1].i_p2_pop_slice",0,,0,,0
"i_p2_pop_slice","gen_lane[1].i_p2_pop_slice/popcount_q_o_reg[3]",cell,"FDCE","gen_lane[1].i_p2_pop_slice",0,,0,,0
"i_p2_pop_slice","gen_lane[1].i_p2_pop_slice/popcount_q_o_reg[4]",cell,"FDCE","gen_lane[1].i_p2_pop_slice",0,,0,,0
"i_p2_pop_slice","gen_lane[1].i_p2_pop_slice/popcount_q_o_reg[5]",cell,"FDCE","gen_lane[1].i_p2_pop_slice",0,,0,,0
"i_p2_pop_slice","gen_lane[1].i_p2_pop_slice/popcount_q_o_reg[6]",cell,"FDCE","gen_lane[1].i_p2_pop_slice",0,,0,,0
"i_p2_pop_slice","gen_lane[1].i_p2_pop_slice/xor_q_reg",cell,"FDCE","gen_lane[1].i_p2_pop_slice",0,,0,,0
"i_p2_pop_slice","gen_lane[2].i_p2_pop_slice",cell,"hdec_p2_pop_slice_1",".",0,,0,,0
"i_p2_pop_slice","gen_lane[2].i_p2_pop_slice/GND",cell,"GND","gen_lane[2].i_p2_pop_slice",0,,0,,0
"i_p2_pop_slice","gen_lane[2].i_p2_pop_slice/VCC",cell,"VCC","gen_lane[2].i_p2_pop_slice",0,,0,,0
"i_p2_pop_slice","gen_lane[2].i_p2_pop_slice/hmatch_best_dist_q[10]_i_1",cell,"LUT6","gen_lane[2].i_p2_pop_slice",0,,0,,0
"i_p2_pop_slice","gen_lane[2].i_p2_pop_slice/hmatch_best_dist_q[10]_i_3",cell,"LUT2","gen_lane[2].i_p2_pop_slice",0,,0,,0
"i_p2_pop_slice","gen_lane[2].i_p2_pop_slice/hmatch_best_dist_q[10]_i_4",cell,"LUT6","gen_lane[2].i_p2_pop_slice",0,,0,,0
"i_p2_pop_slice","gen_lane[2].i_p2_pop_slice/hmatch_best_dist_q[10]_i_5",cell,"LUT6","gen_lane[2].i_p2_pop_slice",0,,0,,0
"i_p2_pop_slice","gen_lane[2].i_p2_pop_slice/hmatch_best_dist_q[10]_i_6",cell,"LUT5","gen_lane[2].i_p2_pop_slice",0,,0,,0
"i_p2_pop_slice","gen_lane[2].i_p2_pop_slice/hmatch_best_dist_q[10]_i_7",cell,"LUT6","gen_lane[2].i_p2_pop_slice",0,,0,,0
"i_p2_pop_slice","gen_lane[2].i_p2_pop_slice/hmatch_best_dist_q[10]_i_8",cell,"LUT6","gen_lane[2].i_p2_pop_slice",0,,0,,0
"i_p2_pop_slice","gen_lane[2].i_p2_pop_slice/hmatch_budget_q[0]_i_1",cell,"LUT6","gen_lane[2].i_p2_pop_slice",0,,0,,0
"i_p2_pop_slice","gen_lane[2].i_p2_pop_slice/hmatch_budget_q[0]_i_2",cell,"LUT3","gen_lane[2].i_p2_pop_slice",0,,0,,0
"i_p2_pop_slice","gen_lane[2].i_p2_pop_slice/hmatch_budget_q[10]_i_10",cell,"LUT6","gen_lane[2].i_p2_pop_slice",0,,0,,0
"i_p2_pop_slice","gen_lane[2].i_p2_pop_slice/hmatch_budget_q[10]_i_11",cell,"LUT1","gen_lane[2].i_p2_pop_slice",0,,0,,0
"i_p2_pop_slice","gen_lane[2].i_p2_pop_slice/hmatch_budget_q[10]_i_12",cell,"LUT6","gen_lane[2].i_p2_pop_slice",0,,0,,0
"i_p2_pop_slice","gen_lane[2].i_p2_pop_slice/hmatch_budget_q[10]_i_13",cell,"LUT5","gen_lane[2].i_p2_pop_slice",0,,0,,0
"i_p2_pop_slice","gen_lane[2].i_p2_pop_slice/hmatch_budget_q[10]_i_14",cell,"LUT5","gen_lane[2].i_p2_pop_slice",0,,0,,0
"i_p2_pop_slice","gen_lane[2].i_p2_pop_slice/hmatch_budget_q[10]_i_15",cell,"LUT5","gen_lane[2].i_p2_pop_slice",0,,0,,0
"i_p2_pop_slice","gen_lane[2].i_p2_pop_slice/hmatch_budget_q[10]_i_16",cell,"LUT5","gen_lane[2].i_p2_pop_slice",0,,0,,0
"i_p2_pop_slice","gen_lane[2].i_p2_pop_slice/hmatch_budget_q[10]_i_17",cell,"LUT5","gen_lane[2].i_p2_pop_slice",0,,0,,0
"i_p2_pop_slice","gen_lane[2].i_p2_pop_slice/hmatch_budget_q[10]_i_18",cell,"LUT5","gen_lane[2].i_p2_pop_slice",0,,0,,0
"i_p2_pop_slice","gen_lane[2].i_p2_pop_slice/hmatch_budget_q[10]_i_19",cell,"LUT5","gen_lane[2].i_p2_pop_slice",0,,0,,0
"i_p2_pop_slice","gen_lane[2].i_p2_pop_slice/hmatch_budget_q[10]_i_2",cell,"LUT6","gen_lane[2].i_p2_pop_slice",0,,0,,0
"i_p2_pop_slice","gen_lane[2].i_p2_pop_slice/hmatch_budget_q[10]_i_20",cell,"LUT5","gen_lane[2].i_p2_pop_slice",0,,0,,0
"i_p2_pop_slice","gen_lane[2].i_p2_pop_slice/hmatch_budget_q[10]_i_3",cell,"LUT3","gen_lane[2].i_p2_pop_slice",0,,0,,0
"i_p2_pop_slice","gen_lane[2].i_p2_pop_slice/hmatch_budget_q[10]_i_6",cell,"LUT1","gen_lane[2].i_p2_pop_slice",0,,0,,0
"i_p2_pop_slice","gen_lane[2].i_p2_pop_slice/hmatch_budget_q[10]_i_7",cell,"LUT1","gen_lane[2].i_p2_pop_slice",0,,0,,0
"i_p2_pop_slice","gen_lane[2].i_p2_pop_slice/hmatch_budget_q[10]_i_8",cell,"LUT5","gen_lane[2].i_p2_pop_slice",0,,0,,0
"i_p2_pop_slice","gen_lane[2].i_p2_pop_slice/hmatch_budget_q[1]_i_1",cell,"LUT6","gen_lane[2].i_p2_pop_slice",0,,0,,0
"i_p2_pop_slice","gen_lane[2].i_p2_pop_slice/hmatch_budget_q[2]_i_1",cell,"LUT6","gen_lane[2].i_p2_pop_slice",0,,0,,0
"i_p2_pop_slice","gen_lane[2].i_p2_pop_slice/hmatch_budget_q[3]_i_1",cell,"LUT6","gen_lane[2].i_p2_pop_slice",0,,0,,0
"i_p2_pop_slice","gen_lane[2].i_p2_pop_slice/hmatch_budget_q[3]_i_3",cell,"LUT5","gen_lane[2].i_p2_pop_slice",0,,0,,0
"i_p2_pop_slice","gen_lane[2].i_p2_pop_slice/hmatch_budget_q[3]_i_4",cell,"LUT5","gen_lane[2].i_p2_pop_slice",0,,0,,0
"i_p2_pop_slice","gen_lane[2].i_p2_pop_slice/hmatch_budget_q[3]_i_5",cell,"LUT5","gen_lane[2].i_p2_pop_slice",0,,0,,0
"i_p2_pop_slice","gen_lane[2].i_p2_pop_slice/hmatch_budget_q[3]_i_6",cell,"LUT5","gen_lane[2].i_p2_pop_slice",0,,0,,0
"i_p2_pop_slice","gen_lane[2].i_p2_pop_slice/hmatch_budget_q[4]_i_1",cell,"LUT6","gen_lane[2].i_p2_pop_slice",0,,0,,0
"i_p2_pop_slice","gen_lane[2].i_p2_pop_slice/hmatch_budget_q[5]_i_1",cell,"LUT6","gen_lane[2].i_p2_pop_slice",0,,0,,0
"i_p2_pop_slice","gen_lane[2].i_p2_pop_slice/hmatch_budget_q[6]_i_1",cell,"LUT6","gen_lane[2].i_p2_pop_slice",0,,0,,0
"i_p2_pop_slice","gen_lane[2].i_p2_pop_slice/hmatch_budget_q[7]_i_1",cell,"LUT6","gen_lane[2].i_p2_pop_slice",0,,0,,0
"i_p2_pop_slice","gen_lane[2].i_p2_pop_slice/hmatch_budget_q[7]_i_3",cell,"LUT5","gen_lane[2].i_p2_pop_slice",0,,0,,0
"i_p2_pop_slice","gen_lane[2].i_p2_pop_slice/hmatch_budget_q[7]_i_4",cell,"LUT5","gen_lane[2].i_p2_pop_slice",0,,0,,0
"i_p2_pop_slice","gen_lane[2].i_p2_pop_slice/hmatch_budget_q[7]_i_5",cell,"LUT5","gen_lane[2].i_p2_pop_slice",0,,0,,0
"i_p2_pop_slice","gen_lane[2].i_p2_pop_slice/hmatch_budget_q[7]_i_6",cell,"LUT5","gen_lane[2].i_p2_pop_slice",0,,0,,0
"i_p2_pop_slice","gen_lane[2].i_p2_pop_slice/hmatch_budget_q[8]_i_1",cell,"LUT6","gen_lane[2].i_p2_pop_slice",0,,0,,0
"i_p2_pop_slice","gen_lane[2].i_p2_pop_slice/hmatch_budget_q[9]_i_1",cell,"LUT6","gen_lane[2].i_p2_pop_slice",0,,0,,0
"i_p2_pop_slice","gen_lane[2].i_p2_pop_slice/hmatch_budget_q[9]_i_2",cell,"LUT2","gen_lane[2].i_p2_pop_slice",0,,0,,0
"i_p2_pop_slice","gen_lane[2].i_p2_pop_slice/hmatch_budget_q_reg[10]_i_4",cell,"CARRY4","gen_lane[2].i_p2_pop_slice",0,,0,,0
"i_p2_pop_slice","gen_lane[2].i_p2_pop_slice/hmatch_budget_q_reg[10]_i_5",cell,"CARRY4","gen_lane[2].i_p2_pop_slice",0,,0,,0
"i_p2_pop_slice","gen_lane[2].i_p2_pop_slice/hmatch_budget_q_reg[10]_i_9",cell,"CARRY4","gen_lane[2].i_p2_pop_slice",0,,0,,0
"i_p2_pop_slice","gen_lane[2].i_p2_pop_slice/hmatch_budget_q_reg[3]_i_2",cell,"CARRY4","gen_lane[2].i_p2_pop_slice",0,,0,,0
"i_p2_pop_slice","gen_lane[2].i_p2_pop_slice/hmatch_budget_q_reg[7]_i_2",cell,"CARRY4","gen_lane[2].i_p2_pop_slice",0,,0,,0
"i_p2_pop_slice","gen_lane[2].i_p2_pop_slice/hmatch_class_slot_q[3]_i_3",cell,"LUT2","gen_lane[2].i_p2_pop_slice",0,,0,,0
"i_p2_pop_slice","gen_lane[2].i_p2_pop_slice/hmatch_update_q_i_1",cell,"LUT6","gen_lane[2].i_p2_pop_slice",0,,0,,0
"i_p2_pop_slice","gen_lane[2].i_p2_pop_slice/hsim_total_q[0]_i_1",cell,"LUT2","gen_lane[2].i_p2_pop_slice",0,,0,,0
"i_p2_pop_slice","gen_lane[2].i_p2_pop_slice/hsim_total_q[10]_i_2",cell,"LUT2","gen_lane[2].i_p2_pop_slice",0,,0,,0
"i_p2_pop_slice","gen_lane[2].i_p2_pop_slice/hsim_total_q[10]_i_4",cell,"LUT3","gen_lane[2].i_p2_pop_slice",0,,0,,0
"i_p2_pop_slice","gen_lane[2].i_p2_pop_slice/hsim_total_q[10]_i_6",cell,"LUT2","gen_lane[2].i_p2_pop_slice",0,,0,,0
"i_p2_pop_slice","gen_lane[2].i_p2_pop_slice/hsim_total_q[1]_i_1",cell,"LUT2","gen_lane[2].i_p2_pop_slice",0,,0,,0
"i_p2_pop_slice","gen_lane[2].i_p2_pop_slice/hsim_total_q[2]_i_1",cell,"LUT2","gen_lane[2].i_p2_pop_slice",0,,0,,0
"i_p2_pop_slice","gen_lane[2].i_p2_pop_slice/hsim_total_q[3]_i_1",cell,"LUT2","gen_lane[2].i_p2_pop_slice",0,,0,,0
"i_p2_pop_slice","gen_lane[2].i_p2_pop_slice/hsim_total_q[3]_i_11",cell,"LUT6","gen_lane[2].i_p2_pop_slice",0,,0,,0
"i_p2_pop_slice","gen_lane[2].i_p2_pop_slice/hsim_total_q[3]_i_15",cell,"LUT3","gen_lane[2].i_p2_pop_slice",0,,0,,0
"i_p2_pop_slice","gen_lane[2].i_p2_pop_slice/hsim_total_q[3]_i_3",cell,"LUT2","gen_lane[2].i_p2_pop_slice",0,,0,,0
"i_p2_pop_slice","gen_lane[2].i_p2_pop_slice/hsim_total_q[3]_i_4",cell,"LUT2","gen_lane[2].i_p2_pop_slice",0,,0,,0
"i_p2_pop_slice","gen_lane[2].i_p2_pop_slice/hsim_total_q[3]_i_5",cell,"LUT2","gen_lane[2].i_p2_pop_slice",0,,0,,0
"i_p2_pop_slice","gen_lane[2].i_p2_pop_slice/hsim_total_q[3]_i_6",cell,"LUT2","gen_lane[2].i_p2_pop_slice",0,,0,,0
"i_p2_pop_slice","gen_lane[2].i_p2_pop_slice/hsim_total_q[3]_i_8",cell,"LUT5","gen_lane[2].i_p2_pop_slice",0,,0,,0
"i_p2_pop_slice","gen_lane[2].i_p2_pop_slice/hsim_total_q[3]_i_9",cell,"LUT5","gen_lane[2].i_p2_pop_slice",0,,0,,0
"i_p2_pop_slice","gen_lane[2].i_p2_pop_slice/hsim_total_q[4]_i_1",cell,"LUT2","gen_lane[2].i_p2_pop_slice",0,,0,,0
"i_p2_pop_slice","gen_lane[2].i_p2_pop_slice/hsim_total_q[5]_i_1",cell,"LUT2","gen_lane[2].i_p2_pop_slice",0,,0,,0
"i_p2_pop_slice","gen_lane[2].i_p2_pop_slice/hsim_total_q[6]_i_1",cell,"LUT2","gen_lane[2].i_p2_pop_slice",0,,0,,0
"i_p2_pop_slice","gen_lane[2].i_p2_pop_slice/hsim_total_q[7]_i_1",cell,"LUT2","gen_lane[2].i_p2_pop_slice",0,,0,,0
"i_p2_pop_slice","gen_lane[2].i_p2_pop_slice/hsim_total_q[7]_i_10",cell,"LUT5","gen_lane[2].i_p2_pop_slice",0,,0,,0
"i_p2_pop_slice","gen_lane[2].i_p2_pop_slice/hsim_total_q[7]_i_11",cell,"LUT5","gen_lane[2].i_p2_pop_slice",0,,0,,0
"i_p2_pop_slice","gen_lane[2].i_p2_pop_slice/hsim_total_q[7]_i_13",cell,"LUT6","gen_lane[2].i_p2_pop_slice",0,,0,,0
"i_p2_pop_slice","gen_lane[2].i_p2_pop_slice/hsim_total_q[7]_i_14",cell,"LUT6","gen_lane[2].i_p2_pop_slice",0,,0,,0
"i_p2_pop_slice","gen_lane[2].i_p2_pop_slice/hsim_total_q[7]_i_15",cell,"LUT6","gen_lane[2].i_p2_pop_slice",0,,0,,0
"i_p2_pop_slice","gen_lane[2].i_p2_pop_slice/hsim_total_q[7]_i_17",cell,"LUT3","gen_lane[2].i_p2_pop_slice",0,,0,,0
"i_p2_pop_slice","gen_lane[2].i_p2_pop_slice/hsim_total_q[7]_i_18",cell,"LUT3","gen_lane[2].i_p2_pop_slice",0,,0,,0
"i_p2_pop_slice","gen_lane[2].i_p2_pop_slice/hsim_total_q[7]_i_19",cell,"LUT3","gen_lane[2].i_p2_pop_slice",0,,0,,0
"i_p2_pop_slice","gen_lane[2].i_p2_pop_slice/hsim_total_q[7]_i_3",cell,"LUT2","gen_lane[2].i_p2_pop_slice",0,,0,,0
"i_p2_pop_slice","gen_lane[2].i_p2_pop_slice/hsim_total_q[7]_i_4",cell,"LUT2","gen_lane[2].i_p2_pop_slice",0,,0,,0
"i_p2_pop_slice","gen_lane[2].i_p2_pop_slice/hsim_total_q[7]_i_5",cell,"LUT2","gen_lane[2].i_p2_pop_slice",0,,0,,0
"i_p2_pop_slice","gen_lane[2].i_p2_pop_slice/hsim_total_q[7]_i_6",cell,"LUT2","gen_lane[2].i_p2_pop_slice",0,,0,,0
"i_p2_pop_slice","gen_lane[2].i_p2_pop_slice/hsim_total_q[7]_i_9",cell,"LUT5","gen_lane[2].i_p2_pop_slice",0,,0,,0
"i_p2_pop_slice","gen_lane[2].i_p2_pop_slice/hsim_total_q[8]_i_1",cell,"LUT2","gen_lane[2].i_p2_pop_slice",0,,0,,0
"i_p2_pop_slice","gen_lane[2].i_p2_pop_slice/hsim_total_q[9]_i_1",cell,"LUT2","gen_lane[2].i_p2_pop_slice",0,,0,,0
"i_p2_pop_slice","gen_lane[2].i_p2_pop_slice/hsim_total_q_reg[10]_i_5",cell,"CARRY4","gen_lane[2].i_p2_pop_slice",0,,0,,0
"i_p2_pop_slice","gen_lane[2].i_p2_pop_slice/hsim_total_q_reg[10]_i_7",cell,"CARRY4","gen_lane[2].i_p2_pop_slice",0,,0,,0
"i_p2_pop_slice","gen_lane[2].i_p2_pop_slice/hsim_total_q_reg[3]_i_2",cell,"CARRY4","gen_lane[2].i_p2_pop_slice",0,,0,,0
"i_p2_pop_slice","gen_lane[2].i_p2_pop_slice/hsim_total_q_reg[3]_i_7",cell,"CARRY4","gen_lane[2].i_p2_pop_slice",0,,0,,0
"i_p2_pop_slice","gen_lane[2].i_p2_pop_slice/hsim_total_q_reg[7]_i_2",cell,"CARRY4","gen_lane[2].i_p2_pop_slice",0,,0,,0
"i_p2_pop_slice","gen_lane[2].i_p2_pop_slice/hsim_total_q_reg[7]_i_7",cell,"CARRY4","gen_lane[2].i_p2_pop_slice",0,,0,,0
"i_p2_pop_slice","gen_lane[2].i_p2_pop_slice/lane_result_q[2][63]_i_1",cell,"LUT6","gen_lane[2].i_p2_pop_slice",0,,0,,0
"i_p2_pop_slice","gen_lane[2].i_p2_pop_slice/pop_q_reg",cell,"FDCE","gen_lane[2].i_p2_pop_slice",0,,0,,0
"i_p2_pop_slice","gen_lane[2].i_p2_pop_slice/popcount_q_o_reg[0]",cell,"FDCE","gen_lane[2].i_p2_pop_slice",0,,0,,0
"i_p2_pop_slice","gen_lane[2].i_p2_pop_slice/popcount_q_o_reg[1]",cell,"FDCE","gen_lane[2].i_p2_pop_slice",0,,0,,0
"i_p2_pop_slice","gen_lane[2].i_p2_pop_slice/popcount_q_o_reg[2]",cell,"FDCE","gen_lane[2].i_p2_pop_slice",0,,0,,0
"i_p2_pop_slice","gen_lane[2].i_p2_pop_slice/popcount_q_o_reg[3]",cell,"FDCE","gen_lane[2].i_p2_pop_slice",0,,0,,0
"i_p2_pop_slice","gen_lane[2].i_p2_pop_slice/popcount_q_o_reg[4]",cell,"FDCE","gen_lane[2].i_p2_pop_slice",0,,0,,0
"i_p2_pop_slice","gen_lane[2].i_p2_pop_slice/popcount_q_o_reg[5]",cell,"FDCE","gen_lane[2].i_p2_pop_slice",0,,0,,0
"i_p2_pop_slice","gen_lane[2].i_p2_pop_slice/popcount_q_o_reg[6]",cell,"FDCE","gen_lane[2].i_p2_pop_slice",0,,0,,0
"i_p2_pop_slice","gen_lane[2].i_p2_pop_slice/uop_p0_q[src1_addr][5]_i_12",cell,"LUT6","gen_lane[2].i_p2_pop_slice",0,,0,,0
"i_p2_pop_slice","gen_lane[2].i_p2_pop_slice/uop_p0_q[src1_addr][5]_i_13",cell,"LUT6","gen_lane[2].i_p2_pop_slice",0,,0,,0
"i_p2_pop_slice","gen_lane[2].i_p2_pop_slice/uop_p0_q[src1_addr][5]_i_17",cell,"LUT2","gen_lane[2].i_p2_pop_slice",0,,0,,0
"i_p2_pop_slice","gen_lane[2].i_p2_pop_slice/uop_p0_q[src1_addr][5]_i_18",cell,"LUT2","gen_lane[2].i_p2_pop_slice",0,,0,,0
"i_p2_pop_slice","gen_lane[2].i_p2_pop_slice/uop_p0_q[src1_addr][5]_i_19",cell,"LUT2","gen_lane[2].i_p2_pop_slice",0,,0,,0
"i_p2_pop_slice","gen_lane[2].i_p2_pop_slice/uop_p0_q[src1_addr][5]_i_20",cell,"LUT2","gen_lane[2].i_p2_pop_slice",0,,0,,0
"i_p2_pop_slice","gen_lane[2].i_p2_pop_slice/uop_p0_q[src1_addr][5]_i_21",cell,"LUT4","gen_lane[2].i_p2_pop_slice",0,,0,,0
"i_p2_pop_slice","gen_lane[2].i_p2_pop_slice/uop_p0_q[src1_addr][5]_i_22",cell,"LUT4","gen_lane[2].i_p2_pop_slice",0,,0,,0
"i_p2_pop_slice","gen_lane[2].i_p2_pop_slice/uop_p0_q[src1_addr][5]_i_23",cell,"LUT4","gen_lane[2].i_p2_pop_slice",0,,0,,0
"i_p2_pop_slice","gen_lane[2].i_p2_pop_slice/uop_p0_q[src1_addr][5]_i_24",cell,"LUT2","gen_lane[2].i_p2_pop_slice",0,,0,,0
"i_p2_pop_slice","gen_lane[2].i_p2_pop_slice/uop_p0_q[src1_addr][5]_i_25",cell,"LUT1","gen_lane[2].i_p2_pop_slice",0,,0,,0
"i_p2_pop_slice","gen_lane[2].i_p2_pop_slice/uop_p0_q[src1_addr][5]_i_26",cell,"LUT1","gen_lane[2].i_p2_pop_slice",0,,0,,0
"i_p2_pop_slice","gen_lane[2].i_p2_pop_slice/uop_p0_q[src1_addr][5]_i_27",cell,"LUT2","gen_lane[2].i_p2_pop_slice",0,,0,,0
"i_p2_pop_slice","gen_lane[2].i_p2_pop_slice/uop_p0_q[src1_addr][5]_i_28",cell,"LUT2","gen_lane[2].i_p2_pop_slice",0,,0,,0
"i_p2_pop_slice","gen_lane[2].i_p2_pop_slice/uop_p0_q[src1_addr][5]_i_29",cell,"LUT2","gen_lane[2].i_p2_pop_slice",0,,0,,0
"i_p2_pop_slice","gen_lane[2].i_p2_pop_slice/uop_p0_q[src1_addr][5]_i_30",cell,"LUT3","gen_lane[2].i_p2_pop_slice",0,,0,,0
"i_p2_pop_slice","gen_lane[2].i_p2_pop_slice/uop_p0_q[src1_addr][5]_i_5",cell,"LUT4","gen_lane[2].i_p2_pop_slice",0,,0,,0
"i_p2_pop_slice","gen_lane[2].i_p2_pop_slice/uop_p0_q[src1_base][5]_i_3",cell,"LUT3","gen_lane[2].i_p2_pop_slice",0,,0,,0
"i_p2_pop_slice","gen_lane[2].i_p2_pop_slice/uop_p0_q_reg[src1_addr][5]_i_14",cell,"CARRY4","gen_lane[2].i_p2_pop_slice",0,,0,,0
"i_p2_pop_slice","gen_lane[2].i_p2_pop_slice/uop_p0_q_reg[src1_addr][5]_i_15",cell,"CARRY4","gen_lane[2].i_p2_pop_slice",0,,0,,0
"i_p2_pop_slice","gen_lane[2].i_p2_pop_slice/uop_p0_q_reg[src1_addr][5]_i_16",cell,"CARRY4","gen_lane[2].i_p2_pop_slice",0,,0,,0
"i_p2_pop_slice","gen_lane[2].i_p2_pop_slice/xor_q_reg",cell,"FDCE","gen_lane[2].i_p2_pop_slice",0,,0,,0
"i_p2_pop_slice","gen_lane[3].i_p2_pop_slice",cell,"hdec_p2_pop_slice_2",".",0,,0,,0
"i_p2_pop_slice","gen_lane[3].i_p2_pop_slice/VCC",cell,"VCC","gen_lane[3].i_p2_pop_slice",0,,0,,0
"i_p2_pop_slice","gen_lane[3].i_p2_pop_slice/hsim_total_q[7]_i_16",cell,"LUT3","gen_lane[3].i_p2_pop_slice",0,,0,,0
"i_p2_pop_slice","gen_lane[3].i_p2_pop_slice/hsim_total_q[7]_i_8",cell,"LUT5","gen_lane[3].i_p2_pop_slice",0,,0,,0
"i_p2_pop_slice","gen_lane[3].i_p2_pop_slice/lane_result_q[3][63]_i_1",cell,"LUT6","gen_lane[3].i_p2_pop_slice",0,,0,,0
"i_p2_pop_slice","gen_lane[3].i_p2_pop_slice/lane_result_q[3][63]_i_3",cell,"LUT2","gen_lane[3].i_p2_pop_slice",0,,0,,0
"i_p2_pop_slice","gen_lane[3].i_p2_pop_slice/pop_q_i_1",cell,"LUT3","gen_lane[3].i_p2_pop_slice",0,,0,,0
"i_p2_pop_slice","gen_lane[3].i_p2_pop_slice/pop_q_reg",cell,"FDCE","gen_lane[3].i_p2_pop_slice",0,,0,,0
"i_p2_pop_slice","gen_lane[3].i_p2_pop_slice/popcount_q_o_reg[0]",cell,"FDCE","gen_lane[3].i_p2_pop_slice",0,,0,,0
"i_p2_pop_slice","gen_lane[3].i_p2_pop_slice/popcount_q_o_reg[1]",cell,"FDCE","gen_lane[3].i_p2_pop_slice",0,,0,,0
"i_p2_pop_slice","gen_lane[3].i_p2_pop_slice/popcount_q_o_reg[2]",cell,"FDCE","gen_lane[3].i_p2_pop_slice",0,,0,,0
"i_p2_pop_slice","gen_lane[3].i_p2_pop_slice/popcount_q_o_reg[3]",cell,"FDCE","gen_lane[3].i_p2_pop_slice",0,,0,,0
"i_p2_pop_slice","gen_lane[3].i_p2_pop_slice/popcount_q_o_reg[4]",cell,"FDCE","gen_lane[3].i_p2_pop_slice",0,,0,,0
"i_p2_pop_slice","gen_lane[3].i_p2_pop_slice/popcount_q_o_reg[5]",cell,"FDCE","gen_lane[3].i_p2_pop_slice",0,,0,,0
"i_p2_pop_slice","gen_lane[3].i_p2_pop_slice/popcount_q_o_reg[6]",cell,"FDCE","gen_lane[3].i_p2_pop_slice",0,,0,,0
"i_p2_pop_slice","gen_lane[3].i_p2_pop_slice/xor_q_i_1",cell,"LUT4","gen_lane[3].i_p2_pop_slice",0,,0,,0
"i_p2_pop_slice","gen_lane[3].i_p2_pop_slice/xor_q_reg",cell,"FDCE","gen_lane[3].i_p2_pop_slice",0,,0,,0
"i_p2_pop_slice","gen_lane[0].i_p2_pop_slice/<const1>",net,,"gen_lane[0].i_p2_pop_slice",2,"gen_lane[0].i_p2_pop_slice/VCC/P",2,"0",0
"i_p2_pop_slice","gen_lane[0].i_p2_pop_slice/D[0]",net,,"gen_lane[0].i_p2_pop_slice",1,"i_vrf/gen_vrf_bram[0].i_vrf_bank/popcount_q_o[0]_i_1/O",1,"0",0
"i_p2_pop_slice","gen_lane[0].i_p2_pop_slice/D[1]",net,,"gen_lane[0].i_p2_pop_slice",1,"i_vrf/gen_vrf_bram[0].i_vrf_bank/popcount_q_o[1]_i_1/O",1,"0",0
"i_p2_pop_slice","gen_lane[0].i_p2_pop_slice/D[2]",net,,"gen_lane[0].i_p2_pop_slice",1,"i_vrf/gen_vrf_bram[0].i_vrf_bank/popcount_q_o[2]_i_1/O",1,"0",0
"i_p2_pop_slice","gen_lane[0].i_p2_pop_slice/D[3]",net,,"gen_lane[0].i_p2_pop_slice",1,"i_vrf/gen_vrf_bram[0].i_vrf_bank/popcount_q_o[3]_i_1/O",1,"0",0
"i_p2_pop_slice","gen_lane[0].i_p2_pop_slice/D[4]",net,,"gen_lane[0].i_p2_pop_slice",1,"i_vrf/gen_vrf_bram[0].i_vrf_bank/popcount_q_o[4]_i_1/O",1,"0",0
"i_p2_pop_slice","gen_lane[0].i_p2_pop_slice/D[5]",net,,"gen_lane[0].i_p2_pop_slice",1,"i_vrf/gen_vrf_bram[0].i_vrf_bank/popcount_q_o[5]_i_1/O",1,"0",0
"i_p2_pop_slice","gen_lane[0].i_p2_pop_slice/D[6]",net,,"gen_lane[0].i_p2_pop_slice",1,"i_vrf/gen_vrf_bram[0].i_vrf_bank/popcount_q_o[6]_i_1/O",1,"0",0
"i_p2_pop_slice","gen_lane[0].i_p2_pop_slice/E[0]",net,,"gen_lane[0].i_p2_pop_slice",64,"gen_lane[0].i_p2_pop_slice/lane_result_q[0][63]_i_1/O",64,"",0
"i_p2_pop_slice","gen_lane[0].i_p2_pop_slice/Q[0]",net,,"gen_lane[0].i_p2_pop_slice",157,"FSM_onehot_st_q_reg[6]/Q",157,"0;1;2;3",1
"i_p2_pop_slice","gen_lane[0].i_p2_pop_slice/S[0]",net,,"gen_lane[0].i_p2_pop_slice",1,"gen_lane[0].i_p2_pop_slice/hsim_total_q[3]_i_12/O",1,"2",0
"i_p2_pop_slice","gen_lane[0].i_p2_pop_slice/clk_i",net,,"gen_lane[0].i_p2_pop_slice",1913,"",1909,"0;1;2;3",1
"i_p2_pop_slice","gen_lane[0].i_p2_pop_slice/hsim_total_q_reg[3]_i_7",net,,"gen_lane[0].i_p2_pop_slice",3,"gen_lane[2].i_p2_pop_slice/hsim_total_q[3]_i_15/O",3,"0;2",1
"i_p2_pop_slice","gen_lane[0].i_p2_pop_slice/hsim_total_q_reg[3]_i_7_0[0]",net,,"gen_lane[0].i_p2_pop_slice",4,"gen_lane[2].i_p2_pop_slice/popcount_q_o_reg[1]/Q",4,"0;1;2",1
"i_p2_pop_slice","gen_lane[0].i_p2_pop_slice/hsim_total_q_reg[3]_i_7_1[0]",net,,"gen_lane[0].i_p2_pop_slice",4,"gen_lane[3].i_p2_pop_slice/popcount_q_o_reg[1]/Q",4,"0;1;2",1
"i_p2_pop_slice","gen_lane[0].i_p2_pop_slice/hsim_total_q_reg[3]_i_7_2[0]",net,,"gen_lane[0].i_p2_pop_slice",4,"gen_lane[1].i_p2_pop_slice/popcount_q_o_reg[1]/Q",4,"0;1;2",1
"i_p2_pop_slice","gen_lane[0].i_p2_pop_slice/lane_result_q_reg[0][0]",net,,"gen_lane[0].i_p2_pop_slice",4,"gen_lane[3].i_p2_pop_slice/lane_result_q[3][63]_i_3/O",4,"0;1;2;3",1
"i_p2_pop_slice","gen_lane[0].i_p2_pop_slice/pop_d_i",net,,"gen_lane[0].i_p2_pop_slice",4,"gen_lane[3].i_p2_pop_slice/pop_q_i_1/O",4,"0;1;2;3",1
"i_p2_pop_slice","gen_lane[0].i_p2_pop_slice/pop_q",net,,"gen_lane[0].i_p2_pop_slice",8,"gen_lane[0].i_p2_pop_slice/pop_q_reg/Q",8,"0",0
"i_p2_pop_slice","gen_lane[0].i_p2_pop_slice/popcount_q_o_reg[6]_0[0]",net,,"gen_lane[0].i_p2_pop_slice",2,"gen_lane[0].i_p2_pop_slice/popcount_q_o_reg[0]/Q",2,"1;2",1
"i_p2_pop_slice","gen_lane[0].i_p2_pop_slice/popcount_q_o_reg[6]_0[1]",net,,"gen_lane[0].i_p2_pop_slice",2,"gen_lane[0].i_p2_pop_slice/popcount_q_o_reg[1]/Q",2,"0;1",1
"i_p2_pop_slice","gen_lane[0].i_p2_pop_slice/popcount_q_o_reg[6]_0[2]",net,,"gen_lane[0].i_p2_pop_slice",3,"gen_lane[0].i_p2_pop_slice/popcount_q_o_reg[2]/Q",3,"0;2",1
"i_p2_pop_slice","gen_lane[0].i_p2_pop_slice/popcount_q_o_reg[6]_0[3]",net,,"gen_lane[0].i_p2_pop_slice",2,"gen_lane[0].i_p2_pop_slice/popcount_q_o_reg[3]/Q",2,"2",0
"i_p2_pop_slice","gen_lane[0].i_p2_pop_slice/popcount_q_o_reg[6]_0[4]",net,,"gen_lane[0].i_p2_pop_slice",2,"gen_lane[0].i_p2_pop_slice/popcount_q_o_reg[4]/Q",2,"2",0
"i_p2_pop_slice","gen_lane[0].i_p2_pop_slice/popcount_q_o_reg[6]_0[5]",net,,"gen_lane[0].i_p2_pop_slice",2,"gen_lane[0].i_p2_pop_slice/popcount_q_o_reg[5]/Q",2,"2",0
"i_p2_pop_slice","gen_lane[0].i_p2_pop_slice/popcount_q_o_reg[6]_0[6]",net,,"gen_lane[0].i_p2_pop_slice",3,"gen_lane[0].i_p2_pop_slice/popcount_q_o_reg[6]/Q",3,"1;2;3",1
"i_p2_pop_slice","gen_lane[0].i_p2_pop_slice/popcount_q_o_reg[6]_1",net,,"gen_lane[0].i_p2_pop_slice",1909,"i_vrf/gen_vrf_bram[3].i_vrf_bank/FSM_onehot_st_q[0]_i_3/O",1909,"0;1;2;3",1
"i_p2_pop_slice","gen_lane[0].i_p2_pop_slice/uop_p2_q_reg[use_clip]__0",net,,"gen_lane[0].i_p2_pop_slice",72,"uop_p2_q_reg[use_clip]/Q",72,"0;1;2;3",1
"i_p2_pop_slice","gen_lane[0].i_p2_pop_slice/uop_p2_q_reg[valid]__0",net,,"gen_lane[0].i_p2_pop_slice",12,"uop_p2_q_reg[valid]/Q",12,"0;1;2;3",1
"i_p2_pop_slice","gen_lane[0].i_p2_pop_slice/xor_d_i",net,,"gen_lane[0].i_p2_pop_slice",4,"gen_lane[3].i_p2_pop_slice/xor_q_i_1/O",4,"0;1;2;3",1
"i_p2_pop_slice","gen_lane[0].i_p2_pop_slice/xor_q",net,,"gen_lane[0].i_p2_pop_slice",1,"gen_lane[0].i_p2_pop_slice/xor_q_reg/Q",1,"0",0
"i_p2_pop_slice","gen_lane[0].i_p2_pop_slice_n_0",net,,".",64,"gen_lane[0].i_p2_pop_slice/lane_result_q[0][63]_i_1/O",64,"",0
"i_p2_pop_slice","gen_lane[0].i_p2_pop_slice_n_1",net,,".",1,"gen_lane[0].i_p2_pop_slice/hsim_total_q[3]_i_12/O",1,"2",0
"i_p2_pop_slice","gen_lane[1].i_p2_pop_slice/<const1>",net,,"gen_lane[1].i_p2_pop_slice",2,"gen_lane[1].i_p2_pop_slice/VCC/P",2,"1",0
"i_p2_pop_slice","gen_lane[1].i_p2_pop_slice/DI[0]",net,,"gen_lane[1].i_p2_pop_slice",2,"gen_lane[1].i_p2_pop_slice/hsim_total_q[3]_i_10/O",2,"1;2",1
"i_p2_pop_slice","gen_lane[1].i_p2_pop_slice/D[0]",net,,"gen_lane[1].i_p2_pop_slice",1,"i_vrf/gen_vrf_bram[1].i_vrf_bank/popcount_q_o[0]_i_1__0/O",1,"1",0
"i_p2_pop_slice","gen_lane[1].i_p2_pop_slice/D[1]",net,,"gen_lane[1].i_p2_pop_slice",1,"i_vrf/gen_vrf_bram[1].i_vrf_bank/popcount_q_o[1]_i_1__0/O",1,"1",0
"i_p2_pop_slice","gen_lane[1].i_p2_pop_slice/D[2]",net,,"gen_lane[1].i_p2_pop_slice",1,"i_vrf/gen_vrf_bram[1].i_vrf_bank/popcount_q_o[2]_i_1__0/O",1,"1",0
"i_p2_pop_slice","gen_lane[1].i_p2_pop_slice/D[3]",net,,"gen_lane[1].i_p2_pop_slice",1,"i_vrf/gen_vrf_bram[1].i_vrf_bank/popcount_q_o[3]_i_1__0/O",1,"1",0
"i_p2_pop_slice","gen_lane[1].i_p2_pop_slice/D[4]",net,,"gen_lane[1].i_p2_pop_slice",1,"i_vrf/gen_vrf_bram[1].i_vrf_bank/popcount_q_o[4]_i_1__0/O",1,"1",0
"i_p2_pop_slice","gen_lane[1].i_p2_pop_slice/D[5]",net,,"gen_lane[1].i_p2_pop_slice",1,"i_vrf/gen_vrf_bram[1].i_vrf_bank/popcount_q_o[5]_i_1__0/O",1,"1",0
"i_p2_pop_slice","gen_lane[1].i_p2_pop_slice/D[6]",net,,"gen_lane[1].i_p2_pop_slice",1,"i_vrf/gen_vrf_bram[1].i_vrf_bank/popcount_q_o[6]_i_1__0/O",1,"1",0
"i_p2_pop_slice","gen_lane[1].i_p2_pop_slice/E[0]",net,,"gen_lane[1].i_p2_pop_slice",64,"gen_lane[1].i_p2_pop_slice/lane_result_q[1][63]_i_1/O",64,"",0
"i_p2_pop_slice","gen_lane[1].i_p2_pop_slice/Q[0]",net,,"gen_lane[1].i_p2_pop_slice",157,"FSM_onehot_st_q_reg[6]/Q",157,"0;1;2;3",1
"i_p2_pop_slice","gen_lane[1].i_p2_pop_slice/S[0]",net,,"gen_lane[1].i_p2_pop_slice",1,"gen_lane[1].i_p2_pop_slice/hsim_total_q[3]_i_14/O",1,"2",0
"i_p2_pop_slice","gen_lane[1].i_p2_pop_slice/S[1]",net,,"gen_lane[1].i_p2_pop_slice",1,"gen_lane[1].i_p2_pop_slice/hsim_total_q[3]_i_13/O",1,"2",0
"i_p2_pop_slice","gen_lane[1].i_p2_pop_slice/clk_i",net,,"gen_lane[1].i_p2_pop_slice",1913,"",1909,"0;1;2;3",1
"i_p2_pop_slice","gen_lane[1].i_p2_pop_slice/hsim_total_q_reg[7]_i_7[0]",net,,"gen_lane[1].i_p2_pop_slice",2,"gen_lane[3].i_p2_pop_slice/popcount_q_o_reg[0]/Q",2,"1",0
"i_p2_pop_slice","gen_lane[1].i_p2_pop_slice/hsim_total_q_reg[7]_i_7[1]",net,,"gen_lane[1].i_p2_pop_slice",4,"gen_lane[3].i_p2_pop_slice/popcount_q_o_reg[1]/Q",4,"0;1;2",1
"i_p2_pop_slice","gen_lane[1].i_p2_pop_slice/hsim_total_q_reg[7]_i_7[2]",net,,"gen_lane[1].i_p2_pop_slice",3,"gen_lane[3].i_p2_pop_slice/popcount_q_o_reg[2]/Q",3,"1;2",1
"i_p2_pop_slice","gen_lane[1].i_p2_pop_slice/hsim_total_q_reg[7]_i_7[3]",net,,"gen_lane[1].i_p2_pop_slice",4,"gen_lane[3].i_p2_pop_slice/popcount_q_o_reg[3]/Q",4,"1;2",1
"i_p2_pop_slice","gen_lane[1].i_p2_pop_slice/hsim_total_q_reg[7]_i_7[4]",net,,"gen_lane[1].i_p2_pop_slice",3,"gen_lane[3].i_p2_pop_slice/popcount_q_o_reg[5]/Q",3,"1;2;3",1
"i_p2_pop_slice","gen_lane[1].i_p2_pop_slice/hsim_total_q_reg[7]_i_7[5]",net,,"gen_lane[1].i_p2_pop_slice",3,"gen_lane[3].i_p2_pop_slice/popcount_q_o_reg[6]/Q",3,"1;2;3",1
"i_p2_pop_slice","gen_lane[1].i_p2_pop_slice/hsim_total_q_reg[7]_i_7_0[0]",net,,"gen_lane[1].i_p2_pop_slice",2,"gen_lane[2].i_p2_pop_slice/popcount_q_o_reg[0]/Q",2,"1",0
"i_p2_pop_slice","gen_lane[1].i_p2_pop_slice/hsim_total_q_reg[7]_i_7_0[1]",net,,"gen_lane[1].i_p2_pop_slice",4,"gen_lane[2].i_p2_pop_slice/popcount_q_o_reg[1]/Q",4,"0;1;2",1
"i_p2_pop_slice","gen_lane[1].i_p2_pop_slice/hsim_total_q_reg[7]_i_7_0[2]",net,,"gen_lane[1].i_p2_pop_slice",3,"gen_lane[2].i_p2_pop_slice/popcount_q_o_reg[2]/Q",3,"1;2",1
"i_p2_pop_slice","gen_lane[1].i_p2_pop_slice/hsim_total_q_reg[7]_i_7_0[3]",net,,"gen_lane[1].i_p2_pop_slice",4,"gen_lane[2].i_p2_pop_slice/popcount_q_o_reg[3]/Q",4,"1;2",1
"i_p2_pop_slice","gen_lane[1].i_p2_pop_slice/hsim_total_q_reg[7]_i_7_0[4]",net,,"gen_lane[1].i_p2_pop_slice",3,"gen_lane[2].i_p2_pop_slice/popcount_q_o_reg[5]/Q",3,"1;2;3",1
"i_p2_pop_slice","gen_lane[1].i_p2_pop_slice/hsim_total_q_reg[7]_i_7_0[5]",net,,"gen_lane[1].i_p2_pop_slice",3,"gen_lane[2].i_p2_pop_slice/popcount_q_o_reg[6]/Q",3,"1;2;3",1
"i_p2_pop_slice","gen_lane[1].i_p2_pop_slice/hsim_total_q_reg[7]_i_7_1[0]",net,,"gen_lane[1].i_p2_pop_slice",2,"gen_lane[0].i_p2_pop_slice/popcount_q_o_reg[0]/Q",2,"1;2",1
"i_p2_pop_slice","gen_lane[1].i_p2_pop_slice/hsim_total_q_reg[7]_i_7_1[1]",net,,"gen_lane[1].i_p2_pop_slice",2,"gen_lane[0].i_p2_pop_slice/popcount_q_o_reg[1]/Q",2,"0;1",1
"i_p2_pop_slice","gen_lane[1].i_p2_pop_slice/hsim_total_q_reg[7]_i_7_1[2]",net,,"gen_lane[1].i_p2_pop_slice",3,"gen_lane[0].i_p2_pop_slice/popcount_q_o_reg[6]/Q",3,"1;2;3",1
"i_p2_pop_slice","gen_lane[1].i_p2_pop_slice/lane_popcnt_q[1][0]",net,,"gen_lane[1].i_p2_pop_slice",2,"gen_lane[1].i_p2_pop_slice/popcount_q_o_reg[0]/Q",2,"1",0
"i_p2_pop_slice","gen_lane[1].i_p2_pop_slice/lane_result_q_reg[1][0]",net,,"gen_lane[1].i_p2_pop_slice",4,"gen_lane[3].i_p2_pop_slice/lane_result_q[3][63]_i_3/O",4,"0;1;2;3",1
"i_p2_pop_slice","gen_lane[1].i_p2_pop_slice/pop_d_i",net,,"gen_lane[1].i_p2_pop_slice",4,"gen_lane[3].i_p2_pop_slice/pop_q_i_1/O",4,"0;1;2;3",1
"i_p2_pop_slice","gen_lane[1].i_p2_pop_slice/pop_q",net,,"gen_lane[1].i_p2_pop_slice",8,"gen_lane[1].i_p2_pop_slice/pop_q_reg/Q",8,"1",0
"i_p2_pop_slice","gen_lane[1].i_p2_pop_slice/pop_q_reg_0",net,,"gen_lane[1].i_p2_pop_slice",1909,"i_vrf/gen_vrf_bram[3].i_vrf_bank/FSM_onehot_st_q[0]_i_3/O",1909,"0;1;2;3",1
"i_p2_pop_slice","gen_lane[1].i_p2_pop_slice/popcount_q_o_reg[2]_0",net,,"gen_lane[1].i_p2_pop_slice",1,"gen_lane[1].i_p2_pop_slice/hsim_total_q[3]_i_16/O",1,"2",0
"i_p2_pop_slice","gen_lane[1].i_p2_pop_slice/popcount_q_o_reg[3]_0",net,,"gen_lane[1].i_p2_pop_slice",1,"gen_lane[1].i_p2_pop_slice/hsim_total_q[7]_i_21/O",1,"2",0
"i_p2_pop_slice","gen_lane[1].i_p2_pop_slice/popcount_q_o_reg[5]_0",net,,"gen_lane[1].i_p2_pop_slice",2,"gen_lane[1].i_p2_pop_slice/hsim_total_q[7]_i_20/O",2,"1;2",1
"i_p2_pop_slice","gen_lane[1].i_p2_pop_slice/popcount_q_o_reg[6]_0[0]",net,,"gen_lane[1].i_p2_pop_slice",4,"gen_lane[1].i_p2_pop_slice/popcount_q_o_reg[1]/Q",4,"0;1;2",1
"i_p2_pop_slice","gen_lane[1].i_p2_pop_slice/popcount_q_o_reg[6]_0[1]",net,,"gen_lane[1].i_p2_pop_slice",3,"gen_lane[1].i_p2_pop_slice/popcount_q_o_reg[2]/Q",3,"1;2",1
"i_p2_pop_slice","gen_lane[1].i_p2_pop_slice/popcount_q_o_reg[6]_0[2]",net,,"gen_lane[1].i_p2_pop_slice",4,"gen_lane[1].i_p2_pop_slice/popcount_q_o_reg[3]/Q",4,"1;2",1
"i_p2_pop_slice","gen_lane[1].i_p2_pop_slice/popcount_q_o_reg[6]_0[3]",net,,"gen_lane[1].i_p2_pop_slice",4,"gen_lane[1].i_p2_pop_slice/popcount_q_o_reg[4]/Q",4,"2",0
"i_p2_pop_slice","gen_lane[1].i_p2_pop_slice/popcount_q_o_reg[6]_0[4]",net,,"gen_lane[1].i_p2_pop_slice",3,"gen_lane[1].i_p2_pop_slice/popcount_q_o_reg[5]/Q",3,"1;2;3",1
"i_p2_pop_slice","gen_lane[1].i_p2_pop_slice/popcount_q_o_reg[6]_0[5]",net,,"gen_lane[1].i_p2_pop_slice",3,"gen_lane[1].i_p2_pop_slice/popcount_q_o_reg[6]/Q",3,"1;2;3",1
"i_p2_pop_slice","gen_lane[1].i_p2_pop_slice/popcount_q_o_reg[6]_1[0]",net,,"gen_lane[1].i_p2_pop_slice",1,"gen_lane[1].i_p2_pop_slice/hsim_total_q[7]_i_12/O",1,"2",0
"i_p2_pop_slice","gen_lane[1].i_p2_pop_slice/uop_p2_q_reg[use_clip]__0",net,,"gen_lane[1].i_p2_pop_slice",72,"uop_p2_q_reg[use_clip]/Q",72,"0;1;2;3",1
"i_p2_pop_slice","gen_lane[1].i_p2_pop_slice/uop_p2_q_reg[valid]__0",net,,"gen_lane[1].i_p2_pop_slice",12,"uop_p2_q_reg[valid]/Q",12,"0;1;2;3",1
"i_p2_pop_slice","gen_lane[1].i_p2_pop_slice/xor_d_i",net,,"gen_lane[1].i_p2_pop_slice",4,"gen_lane[3].i_p2_pop_slice/xor_q_i_1/O",4,"0;1;2;3",1
"i_p2_pop_slice","gen_lane[1].i_p2_pop_slice/xor_q",net,,"gen_lane[1].i_p2_pop_slice",1,"gen_lane[1].i_p2_pop_slice/xor_q_reg/Q",1,"1",0
"i_p2_pop_slice","gen_lane[1].i_p2_pop_slice_n_0",net,,".",64,"gen_lane[1].i_p2_pop_slice/lane_result_q[1][63]_i_1/O",64,"",0
"i_p2_pop_slice","gen_lane[1].i_p2_pop_slice_n_1",net,,".",1,"gen_lane[1].i_p2_pop_slice/hsim_total_q[3]_i_16/O",1,"2",0
"i_p2_pop_slice","gen_lane[1].i_p2_pop_slice_n_10",net,,".",1,"gen_lane[1].i_p2_pop_slice/hsim_total_q[3]_i_13/O",1,"2",0
"i_p2_pop_slice","gen_lane[1].i_p2_pop_slice_n_11",net,,".",1,"gen_lane[1].i_p2_pop_slice/hsim_total_q[3]_i_14/O",1,"2",0
"i_p2_pop_slice","gen_lane[1].i_p2_pop_slice_n_12",net,,".",2,"gen_lane[1].i_p2_pop_slice/hsim_total_q[3]_i_10/O",2,"1;2",1
"i_p2_pop_slice","gen_lane[1].i_p2_pop_slice_n_13",net,,".",1,"gen_lane[1].i_p2_pop_slice/hsim_total_q[7]_i_12/O",1,"2",0
"i_p2_pop_slice","gen_lane[1].i_p2_pop_slice_n_8",net,,".",1,"gen_lane[1].i_p2_pop_slice/hsim_total_q[7]_i_21/O",1,"2",0
"i_p2_pop_slice","gen_lane[1].i_p2_pop_slice_n_9",net,,".",2,"gen_lane[1].i_p2_pop_slice/hsim_total_q[7]_i_20/O",2,"1;2",1
"i_p2_pop_slice","gen_lane[2].i_p2_pop_slice/<const0>",net,,"gen_lane[2].i_p2_pop_slice",42,"gen_lane[2].i_p2_pop_slice/GND/G",14,"2",0
"i_p2_pop_slice","gen_lane[2].i_p2_pop_slice/<const1>",net,,"gen_lane[2].i_p2_pop_slice",5,"gen_lane[2].i_p2_pop_slice/VCC/P",5,"2",0
"i_p2_pop_slice","gen_lane[2].i_p2_pop_slice/DI[0]",net,,"gen_lane[2].i_p2_pop_slice",2,"gen_lane[1].i_p2_pop_slice/hsim_total_q[3]_i_10/O",2,"1;2",1
"i_p2_pop_slice","gen_lane[2].i_p2_pop_slice/D[0]",net,,"gen_lane[2].i_p2_pop_slice",1,"gen_lane[2].i_p2_pop_slice/hmatch_budget_q[0]_i_1/O",1,"",0
"i_p2_pop_slice","gen_lane[2].i_p2_pop_slice/D[10]",net,,"gen_lane[2].i_p2_pop_slice",1,"gen_lane[2].i_p2_pop_slice/hmatch_budget_q[10]_i_2/O",1,"",0
"i_p2_pop_slice","gen_lane[2].i_p2_pop_slice/D[1]",net,,"gen_lane[2].i_p2_pop_slice",1,"gen_lane[2].i_p2_pop_slice/hmatch_budget_q[1]_i_1/O",1,"",0
"i_p2_pop_slice","gen_lane[2].i_p2_pop_slice/D[2]",net,,"gen_lane[2].i_p2_pop_slice",1,"gen_lane[2].i_p2_pop_slice/hmatch_budget_q[2]_i_1/O",1,"",0
"i_p2_pop_slice","gen_lane[2].i_p2_pop_slice/D[3]",net,,"gen_lane[2].i_p2_pop_slice",1,"gen_lane[2].i_p2_pop_slice/hmatch_budget_q[3]_i_1/O",1,"",0
"i_p2_pop_slice","gen_lane[2].i_p2_pop_slice/D[4]",net,,"gen_lane[2].i_p2_pop_slice",1,"gen_lane[2].i_p2_pop_slice/hmatch_budget_q[4]_i_1/O",1,"",0
"i_p2_pop_slice","gen_lane[2].i_p2_pop_slice/D[5]",net,,"gen_lane[2].i_p2_pop_slice",1,"gen_lane[2].i_p2_pop_slice/hmatch_budget_q[5]_i_1/O",1,"",0
"i_p2_pop_slice","gen_lane[2].i_p2_pop_slice/D[6]",net,,"gen_lane[2].i_p2_pop_slice",1,"gen_lane[2].i_p2_pop_slice/hmatch_budget_q[6]_i_1/O",1,"",0
"i_p2_pop_slice","gen_lane[2].i_p2_pop_slice/D[7]",net,,"gen_lane[2].i_p2_pop_slice",1,"gen_lane[2].i_p2_pop_slice/hmatch_budget_q[7]_i_1/O",1,"",0
"i_p2_pop_slice","gen_lane[2].i_p2_pop_slice/D[8]",net,,"gen_lane[2].i_p2_pop_slice",1,"gen_lane[2].i_p2_pop_slice/hmatch_budget_q[8]_i_1/O",1,"",0
"i_p2_pop_slice","gen_lane[2].i_p2_pop_slice/D[9]",net,,"gen_lane[2].i_p2_pop_slice",1,"gen_lane[2].i_p2_pop_slice/hmatch_budget_q[9]_i_1/O",1,"",0
"i_p2_pop_slice","gen_lane[2].i_p2_pop_slice/E[0]",net,,"gen_lane[2].i_p2_pop_slice",64,"gen_lane[2].i_p2_pop_slice/lane_result_q[2][63]_i_1/O",64,"",0
"i_p2_pop_slice","gen_lane[2].i_p2_pop_slice/FSM_onehot_st_q_reg[7]_rep",net,,"gen_lane[2].i_p2_pop_slice",10,"gen_lane[2].i_p2_pop_slice/hsim_total_q[10]_i_4/O",10,"2",0
"i_p2_pop_slice","gen_lane[2].i_p2_pop_slice/FSM_onehot_st_q_reg[7]_rep_0[0]",net,,"gen_lane[2].i_p2_pop_slice",1,"gen_lane[2].i_p2_pop_slice/hsim_total_q[0]_i_1/O",1,"",0
"i_p2_pop_slice","gen_lane[2].i_p2_pop_slice/FSM_onehot_st_q_reg[7]_rep_0[10]",net,,"gen_lane[2].i_p2_pop_slice",1,"gen_lane[2].i_p2_pop_slice/hsim_total_q[10]_i_2/O",1,"",0
"i_p2_pop_slice","gen_lane[2].i_p2_pop_slice/FSM_onehot_st_q_reg[7]_rep_0[1]",net,,"gen_lane[2].i_p2_pop_slice",1,"gen_lane[2].i_p2_pop_slice/hsim_total_q[1]_i_1/O",1,"",0
"i_p2_pop_slice","gen_lane[2].i_p2_pop_slice/FSM_onehot_st_q_reg[7]_rep_0[2]",net,,"gen_lane[2].i_p2_pop_slice",1,"gen_lane[2].i_p2_pop_slice/hsim_total_q[2]_i_1/O",1,"",0
"i_p2_pop_slice","gen_lane[2].i_p2_pop_slice/FSM_onehot_st_q_reg[7]_rep_0[3]",net,,"gen_lane[2].i_p2_pop_slice",1,"gen_lane[2].i_p2_pop_slice/hsim_total_q[3]_i_1/O",1,"",0
"i_p2_pop_slice","gen_lane[2].i_p2_pop_slice/FSM_onehot_st_q_reg[7]_rep_0[4]",net,,"gen_lane[2].i_p2_pop_slice",1,"gen_lane[2].i_p2_pop_slice/hsim_total_q[4]_i_1/O",1,"",0
"i_p2_pop_slice","gen_lane[2].i_p2_pop_slice/FSM_onehot_st_q_reg[7]_rep_0[5]",net,,"gen_lane[2].i_p2_pop_slice",1,"gen_lane[2].i_p2_pop_slice/hsim_total_q[5]_i_1/O",1,"",0
"i_p2_pop_slice","gen_lane[2].i_p2_pop_slice/FSM_onehot_st_q_reg[7]_rep_0[6]",net,,"gen_lane[2].i_p2_pop_slice",1,"gen_lane[2].i_p2_pop_slice/hsim_total_q[6]_i_1/O",1,"",0
"i_p2_pop_slice","gen_lane[2].i_p2_pop_slice/FSM_onehot_st_q_reg[7]_rep_0[7]",net,,"gen_lane[2].i_p2_pop_slice",1,"gen_lane[2].i_p2_pop_slice/hsim_total_q[7]_i_1/O",1,"",0
"i_p2_pop_slice","gen_lane[2].i_p2_pop_slice/FSM_onehot_st_q_reg[7]_rep_0[8]",net,,"gen_lane[2].i_p2_pop_slice",1,"gen_lane[2].i_p2_pop_slice/hsim_total_q[8]_i_1/O",1,"",0
"i_p2_pop_slice","gen_lane[2].i_p2_pop_slice/FSM_onehot_st_q_reg[7]_rep_0[9]",net,,"gen_lane[2].i_p2_pop_slice",1,"gen_lane[2].i_p2_pop_slice/hsim_total_q[9]_i_1/O",1,"",0
"i_p2_pop_slice","gen_lane[2].i_p2_pop_slice/Q[0]",net,,"gen_lane[2].i_p2_pop_slice",204,"FSM_onehot_st_q_reg[1]/Q",204,"2",0
"i_p2_pop_slice","gen_lane[2].i_p2_pop_slice/Q[1]",net,,"gen_lane[2].i_p2_pop_slice",116,"FSM_onehot_st_q_reg[4]/Q",116,"2",0
"i_p2_pop_slice","gen_lane[2].i_p2_pop_slice/Q[2]",net,,"gen_lane[2].i_p2_pop_slice",157,"FSM_onehot_st_q_reg[6]/Q",157,"0;1;2;3",1
"i_p2_pop_slice","gen_lane[2].i_p2_pop_slice/Q[3]",net,,"gen_lane[2].i_p2_pop_slice",45,"FSM_onehot_st_q_reg[9]/Q",45,"2",0
"i_p2_pop_slice","gen_lane[2].i_p2_pop_slice/S[0]",net,,"gen_lane[2].i_p2_pop_slice",1,"gen_lane[1].i_p2_pop_slice/hsim_total_q[3]_i_14/O",1,"2",0
"i_p2_pop_slice","gen_lane[2].i_p2_pop_slice/S[1]",net,,"gen_lane[2].i_p2_pop_slice",1,"gen_lane[1].i_p2_pop_slice/hsim_total_q[3]_i_13/O",1,"2",0
"i_p2_pop_slice","gen_lane[2].i_p2_pop_slice/S[2]",net,,"gen_lane[2].i_p2_pop_slice",1,"gen_lane[0].i_p2_pop_slice/hsim_total_q[3]_i_12/O",1,"2",0
"i_p2_pop_slice","gen_lane[2].i_p2_pop_slice/a_q_reg[12]",net,,"gen_lane[2].i_p2_pop_slice",2,"gen_lane[2].i_p2_pop_slice/uop_p0_q[src1_addr][5]_i_13/O",2,"2",0
"i_p2_pop_slice","gen_lane[2].i_p2_pop_slice/a_q_reg[8]",net,,"gen_lane[2].i_p2_pop_slice",20,"gen_lane[2].i_p2_pop_slice/uop_p0_q[src1_addr][5]_i_5/O",20,"2",0
"i_p2_pop_slice","gen_lane[2].i_p2_pop_slice/clk_i",net,,"gen_lane[2].i_p2_pop_slice",1913,"",1909,"0;1;2;3",1
"i_p2_pop_slice","gen_lane[2].i_p2_pop_slice/hmatch_best_dist_q[10]_i_6_n_0",net,,"gen_lane[2].i_p2_pop_slice",1,"gen_lane[2].i_p2_pop_slice/hmatch_best_dist_q[10]_i_6/O",1,"2",0
"i_p2_pop_slice","gen_lane[2].i_p2_pop_slice/hmatch_best_dist_q[10]_i_7_n_0",net,,"gen_lane[2].i_p2_pop_slice",1,"gen_lane[2].i_p2_pop_slice/hmatch_best_dist_q[10]_i_7/O",1,"2",0
"i_p2_pop_slice","gen_lane[2].i_p2_pop_slice/hmatch_best_dist_q[10]_i_8_n_0",net,,"gen_lane[2].i_p2_pop_slice",1,"gen_lane[2].i_p2_pop_slice/hmatch_best_dist_q[10]_i_8/O",1,"2",0
"i_p2_pop_slice","gen_lane[2].i_p2_pop_slice/hmatch_best_dist_q_reg[0][0]",net,,"gen_lane[2].i_p2_pop_slice",62,"op_q_reg[0]/Q",62,"2",0
"i_p2_pop_slice","gen_lane[2].i_p2_pop_slice/hmatch_best_dist_q_reg[0][1]",net,,"gen_lane[2].i_p2_pop_slice",56,"op_q_reg[1]/Q",56,"2",0
"i_p2_pop_slice","gen_lane[2].i_p2_pop_slice/hmatch_best_dist_q_reg[0][2]",net,,"gen_lane[2].i_p2_pop_slice",66,"op_q_reg[2]/Q",66,"2",0
"i_p2_pop_slice","gen_lane[2].i_p2_pop_slice/hmatch_best_dist_q_reg[0][3]",net,,"gen_lane[2].i_p2_pop_slice",58,"op_q_reg[3]/Q",58,"2",0
"i_p2_pop_slice","gen_lane[2].i_p2_pop_slice/hmatch_best_dist_q_reg[0]_0[0]",net,,"gen_lane[2].i_p2_pop_slice",14,"uop_p3_q_reg[class_idx][0]/Q",14,"2",0
"i_p2_pop_slice","gen_lane[2].i_p2_pop_slice/hmatch_best_dist_q_reg[0]_0[1]",net,,"gen_lane[2].i_p2_pop_slice",13,"uop_p3_q_reg[class_idx][1]/Q",13,"2",0
"i_p2_pop_slice","gen_lane[2].i_p2_pop_slice/hmatch_best_dist_q_reg[0]_0[2]",net,,"gen_lane[2].i_p2_pop_slice",11,"uop_p3_q_reg[class_idx][2]/Q",11,"2",0
"i_p2_pop_slice","gen_lane[2].i_p2_pop_slice/hmatch_best_dist_q_reg[0]_0[3]",net,,"gen_lane[2].i_p2_pop_slice",9,"uop_p3_q_reg[class_idx][3]/Q",9,"2",0
"i_p2_pop_slice","gen_lane[2].i_p2_pop_slice/hmatch_best_dist_q_reg[0]_0[4]",net,,"gen_lane[2].i_p2_pop_slice",8,"uop_p3_q_reg[class_idx][4]/Q",8,"2",0
"i_p2_pop_slice","gen_lane[2].i_p2_pop_slice/hmatch_best_dist_q_reg[0]_0[5]",net,,"gen_lane[2].i_p2_pop_slice",7,"uop_p3_q_reg[class_idx][5]/Q",7,"2",0
"i_p2_pop_slice","gen_lane[2].i_p2_pop_slice/hmatch_best_dist_q_reg[0]_0[6]",net,,"gen_lane[2].i_p2_pop_slice",8,"uop_p3_q_reg[class_idx][6]/Q",8,"2",0
"i_p2_pop_slice","gen_lane[2].i_p2_pop_slice/hmatch_best_dist_q_reg[0]_0[7]",net,,"gen_lane[2].i_p2_pop_slice",6,"uop_p3_q_reg[class_idx][7]/Q",6,"2",0
"i_p2_pop_slice","gen_lane[2].i_p2_pop_slice/hmatch_best_dist_q_reg[0]_1[0]",net,,"gen_lane[2].i_p2_pop_slice",2,"uop_p0_q_reg[class_idx][0]/Q",2,"2",0
"i_p2_pop_slice","gen_lane[2].i_p2_pop_slice/hmatch_best_dist_q_reg[0]_1[1]",net,,"gen_lane[2].i_p2_pop_slice",2,"uop_p0_q_reg[class_idx][1]/Q",2,"2",0
"i_p2_pop_slice","gen_lane[2].i_p2_pop_slice/hmatch_best_dist_q_reg[0]_1[2]",net,,"gen_lane[2].i_p2_pop_slice",2,"uop_p0_q_reg[class_idx][2]/Q",2,"2",0
"i_p2_pop_slice","gen_lane[2].i_p2_pop_slice/hmatch_best_dist_q_reg[0]_1[3]",net,,"gen_lane[2].i_p2_pop_slice",2,"uop_p0_q_reg[class_idx][3]/Q",2,"2",0
"i_p2_pop_slice","gen_lane[2].i_p2_pop_slice/hmatch_best_dist_q_reg[0]_1[4]",net,,"gen_lane[2].i_p2_pop_slice",2,"uop_p0_q_reg[class_idx][4]/Q",2,"2",0
"i_p2_pop_slice","gen_lane[2].i_p2_pop_slice/hmatch_best_dist_q_reg[0]_1[5]",net,,"gen_lane[2].i_p2_pop_slice",2,"uop_p0_q_reg[class_idx][5]/Q",2,"2",0
"i_p2_pop_slice","gen_lane[2].i_p2_pop_slice/hmatch_best_dist_q_reg[0]_1[6]",net,,"gen_lane[2].i_p2_pop_slice",2,"uop_p0_q_reg[class_idx][6]/Q",2,"2",0
"i_p2_pop_slice","gen_lane[2].i_p2_pop_slice/hmatch_best_dist_q_reg[0]_1[7]",net,,"gen_lane[2].i_p2_pop_slice",2,"uop_p0_q_reg[class_idx][7]/Q",2,"2",0
"i_p2_pop_slice","gen_lane[2].i_p2_pop_slice/hmatch_best_dist_q_reg[0]_2[0]",net,,"gen_lane[2].i_p2_pop_slice",2,"uop_p0_q_reg[chunk_idx][0]/Q",2,"2",0
"i_p2_pop_slice","gen_lane[2].i_p2_pop_slice/hmatch_best_dist_q_reg[0]_2[1]",net,,"gen_lane[2].i_p2_pop_slice",2,"uop_p0_q_reg[chunk_idx][1]/Q",2,"2",0
"i_p2_pop_slice","gen_lane[2].i_p2_pop_slice/hmatch_best_dist_q_reg[0]_3[0]",net,,"gen_lane[2].i_p2_pop_slice",2,"uop_p0_q_reg[op_type][0]/Q",2,"2",0
"i_p2_pop_slice","gen_lane[2].i_p2_pop_slice/hmatch_best_dist_q_reg[0]_3[1]",net,,"gen_lane[2].i_p2_pop_slice",2,"uop_p0_q_reg[op_type][1]/Q",2,"2",0
"i_p2_pop_slice","gen_lane[2].i_p2_pop_slice/hmatch_best_dist_q_reg[0]_3[2]",net,,"gen_lane[2].i_p2_pop_slice",2,"uop_p0_q_reg[op_type][2]/Q",2,"2",0
"i_p2_pop_slice","gen_lane[2].i_p2_pop_slice/hmatch_best_dist_q_reg[0]_4[0]",net,,"gen_lane[2].i_p2_pop_slice",3,"p4_arch_op_q_reg[0]/Q",3,"2",0
"i_p2_pop_slice","gen_lane[2].i_p2_pop_slice/hmatch_best_dist_q_reg[0]_4[1]",net,,"gen_lane[2].i_p2_pop_slice",3,"p4_arch_op_q_reg[1]/Q",3,"2",0
"i_p2_pop_slice","gen_lane[2].i_p2_pop_slice/hmatch_best_dist_q_reg[0]_4[2]",net,,"gen_lane[2].i_p2_pop_slice",3,"p4_arch_op_q_reg[2]/Q",3,"2",0
"i_p2_pop_slice","gen_lane[2].i_p2_pop_slice/hmatch_best_dist_q_reg[0]_4[3]",net,,"gen_lane[2].i_p2_pop_slice",3,"p4_arch_op_q_reg[3]/Q",3,"2",0
"i_p2_pop_slice","gen_lane[2].i_p2_pop_slice/hmatch_budget_diff[0]",net,,"gen_lane[2].i_p2_pop_slice",1,"gen_lane[2].i_p2_pop_slice/hmatch_budget_q_reg[3]_i_2/O[0]",1,"2",0
"i_p2_pop_slice","gen_lane[2].i_p2_pop_slice/hmatch_budget_diff[10]",net,,"gen_lane[2].i_p2_pop_slice",1,"gen_lane[2].i_p2_pop_slice/hmatch_budget_q_reg[10]_i_4/O[2]",1,"2",0
"i_p2_pop_slice","gen_lane[2].i_p2_pop_slice/hmatch_budget_diff[1]",net,,"gen_lane[2].i_p2_pop_slice",1,"gen_lane[2].i_p2_pop_slice/hmatch_budget_q_reg[3]_i_2/O[1]",1,"2",0
"i_p2_pop_slice","gen_lane[2].i_p2_pop_slice/hmatch_budget_diff[2]",net,,"gen_lane[2].i_p2_pop_slice",1,"gen_lane[2].i_p2_pop_slice/hmatch_budget_q_reg[3]_i_2/O[2]",1,"2",0
"i_p2_pop_slice","gen_lane[2].i_p2_pop_slice/hmatch_budget_diff[3]",net,,"gen_lane[2].i_p2_pop_slice",1,"gen_lane[2].i_p2_pop_slice/hmatch_budget_q_reg[3]_i_2/O[3]",1,"2",0
"i_p2_pop_slice","gen_lane[2].i_p2_pop_slice/hmatch_budget_diff[4]",net,,"gen_lane[2].i_p2_pop_slice",1,"gen_lane[2].i_p2_pop_slice/hmatch_budget_q_reg[7]_i_2/O[0]",1,"2",0
"i_p2_pop_slice","gen_lane[2].i_p2_pop_slice/hmatch_budget_diff[5]",net,,"gen_lane[2].i_p2_pop_slice",1,"gen_lane[2].i_p2_pop_slice/hmatch_budget_q_reg[7]_i_2/O[1]",1,"2",0
"i_p2_pop_slice","gen_lane[2].i_p2_pop_slice/hmatch_budget_diff[6]",net,,"gen_lane[2].i_p2_pop_slice",1,"gen_lane[2].i_p2_pop_slice/hmatch_budget_q_reg[7]_i_2/O[2]",1,"2",0
"i_p2_pop_slice","gen_lane[2].i_p2_pop_slice/hmatch_budget_diff[7]",net,,"gen_lane[2].i_p2_pop_slice",1,"gen_lane[2].i_p2_pop_slice/hmatch_budget_q_reg[7]_i_2/O[3]",1,"2",0
"i_p2_pop_slice","gen_lane[2].i_p2_pop_slice/hmatch_budget_diff[8]",net,,"gen_lane[2].i_p2_pop_slice",1,"gen_lane[2].i_p2_pop_slice/hmatch_budget_q_reg[10]_i_4/O[0]",1,"2",0
"i_p2_pop_slice","gen_lane[2].i_p2_pop_slice/hmatch_budget_diff[9]",net,,"gen_lane[2].i_p2_pop_slice",1,"gen_lane[2].i_p2_pop_slice/hmatch_budget_q_reg[10]_i_4/O[1]",1,"2",0
"i_p2_pop_slice","gen_lane[2].i_p2_pop_slice/hmatch_budget_gt_group",net,,"gen_lane[2].i_p2_pop_slice",3,"gen_lane[2].i_p2_pop_slice/hmatch_budget_q_reg[10]_i_5/CO[1]",3,"2",0
"i_p2_pop_slice","gen_lane[2].i_p2_pop_slice/hmatch_budget_q[0]_i_2_n_0",net,,"gen_lane[2].i_p2_pop_slice",1,"gen_lane[2].i_p2_pop_slice/hmatch_budget_q[0]_i_2/O",1,"2",0
"i_p2_pop_slice","gen_lane[2].i_p2_pop_slice/hmatch_budget_q[10]_i_10_n_0",net,,"gen_lane[2].i_p2_pop_slice",1,"gen_lane[2].i_p2_pop_slice/hmatch_budget_q[10]_i_10/O",1,"2",0
"i_p2_pop_slice","gen_lane[2].i_p2_pop_slice/hmatch_budget_q[10]_i_11_n_0",net,,"gen_lane[2].i_p2_pop_slice",1,"gen_lane[2].i_p2_pop_slice/hmatch_budget_q[10]_i_11/O",1,"2",0
"i_p2_pop_slice","gen_lane[2].i_p2_pop_slice/hmatch_budget_q[10]_i_12_n_0",net,,"gen_lane[2].i_p2_pop_slice",1,"gen_lane[2].i_p2_pop_slice/hmatch_budget_q[10]_i_12/O",1,"2",0
"i_p2_pop_slice","gen_lane[2].i_p2_pop_slice/hmatch_budget_q[10]_i_13_n_0",net,,"gen_lane[2].i_p2_pop_slice",1,"gen_lane[2].i_p2_pop_slice/hmatch_budget_q[10]_i_13/O",1,"2",0
"i_p2_pop_slice","gen_lane[2].i_p2_pop_slice/hmatch_budget_q[10]_i_14_n_0",net,,"gen_lane[2].i_p2_pop_slice",1,"gen_lane[2].i_p2_pop_slice/hmatch_budget_q[10]_i_14/O",1,"2",0
"i_p2_pop_slice","gen_lane[2].i_p2_pop_slice/hmatch_budget_q[10]_i_15_n_0",net,,"gen_lane[2].i_p2_pop_slice",1,"gen_lane[2].i_p2_pop_slice/hmatch_budget_q[10]_i_15/O",1,"2",0
"i_p2_pop_slice","gen_lane[2].i_p2_pop_slice/hmatch_budget_q[10]_i_16_n_0",net,,"gen_lane[2].i_p2_pop_slice",1,"gen_lane[2].i_p2_pop_slice/hmatch_budget_q[10]_i_16/O",1,"2",0
"i_p2_pop_slice","gen_lane[2].i_p2_pop_slice/hmatch_budget_q[10]_i_17_n_0",net,,"gen_lane[2].i_p2_pop_slice",1,"gen_lane[2].i_p2_pop_slice/hmatch_budget_q[10]_i_17/O",1,"2",0
"i_p2_pop_slice","gen_lane[2].i_p2_pop_slice/hmatch_budget_q[10]_i_18_n_0",net,,"gen_lane[2].i_p2_pop_slice",1,"gen_lane[2].i_p2_pop_slice/hmatch_budget_q[10]_i_18/O",1,"2",0
"i_p2_pop_slice","gen_lane[2].i_p2_pop_slice/hmatch_budget_q[10]_i_19_n_0",net,,"gen_lane[2].i_p2_pop_slice",1,"gen_lane[2].i_p2_pop_slice/hmatch_budget_q[10]_i_19/O",1,"2",0
"i_p2_pop_slice","gen_lane[2].i_p2_pop_slice/hmatch_budget_q[10]_i_20_n_0",net,,"gen_lane[2].i_p2_pop_slice",1,"gen_lane[2].i_p2_pop_slice/hmatch_budget_q[10]_i_20/O",1,"2",0
"i_p2_pop_slice","gen_lane[2].i_p2_pop_slice/hmatch_budget_q[10]_i_3_n_0",net,,"gen_lane[2].i_p2_pop_slice",1,"gen_lane[2].i_p2_pop_slice/hmatch_budget_q[10]_i_3/O",1,"2",0
"i_p2_pop_slice","gen_lane[2].i_p2_pop_slice/hmatch_budget_q[10]_i_6_n_0",net,,"gen_lane[2].i_p2_pop_slice",1,"gen_lane[2].i_p2_pop_slice/hmatch_budget_q[10]_i_6/O",1,"2",0
"i_p2_pop_slice","gen_lane[2].i_p2_pop_slice/hmatch_budget_q[10]_i_7_n_0",net,,"gen_lane[2].i_p2_pop_slice",1,"gen_lane[2].i_p2_pop_slice/hmatch_budget_q[10]_i_7/O",1,"2",0
"i_p2_pop_slice","gen_lane[2].i_p2_pop_slice/hmatch_budget_q[10]_i_8_n_0",net,,"gen_lane[2].i_p2_pop_slice",1,"gen_lane[2].i_p2_pop_slice/hmatch_budget_q[10]_i_8/O",1,"2",0
"i_p2_pop_slice","gen_lane[2].i_p2_pop_slice/hmatch_budget_q[3]_i_3_n_0",net,,"gen_lane[2].i_p2_pop_slice",1,"gen_lane[2].i_p2_pop_slice/hmatch_budget_q[3]_i_3/O",1,"2",0
"i_p2_pop_slice","gen_lane[2].i_p2_pop_slice/hmatch_budget_q[3]_i_4_n_0",net,,"gen_lane[2].i_p2_pop_slice",1,"gen_lane[2].i_p2_pop_slice/hmatch_budget_q[3]_i_4/O",1,"2",0
"i_p2_pop_slice","gen_lane[2].i_p2_pop_slice/hmatch_budget_q[3]_i_5_n_0",net,,"gen_lane[2].i_p2_pop_slice",1,"gen_lane[2].i_p2_pop_slice/hmatch_budget_q[3]_i_5/O",1,"2",0
"i_p2_pop_slice","gen_lane[2].i_p2_pop_slice/hmatch_budget_q[3]_i_6_n_0",net,,"gen_lane[2].i_p2_pop_slice",1,"gen_lane[2].i_p2_pop_slice/hmatch_budget_q[3]_i_6/O",1,"2",0
"i_p2_pop_slice","gen_lane[2].i_p2_pop_slice/hmatch_budget_q[7]_i_3_n_0",net,,"gen_lane[2].i_p2_pop_slice",1,"gen_lane[2].i_p2_pop_slice/hmatch_budget_q[7]_i_3/O",1,"2",0
"i_p2_pop_slice","gen_lane[2].i_p2_pop_slice/hmatch_budget_q[7]_i_4_n_0",net,,"gen_lane[2].i_p2_pop_slice",1,"gen_lane[2].i_p2_pop_slice/hmatch_budget_q[7]_i_4/O",1,"2",0
"i_p2_pop_slice","gen_lane[2].i_p2_pop_slice/hmatch_budget_q[7]_i_5_n_0",net,,"gen_lane[2].i_p2_pop_slice",1,"gen_lane[2].i_p2_pop_slice/hmatch_budget_q[7]_i_5/O",1,"2",0
"i_p2_pop_slice","gen_lane[2].i_p2_pop_slice/hmatch_budget_q[7]_i_6_n_0",net,,"gen_lane[2].i_p2_pop_slice",1,"gen_lane[2].i_p2_pop_slice/hmatch_budget_q[7]_i_6/O",1,"2",0
"i_p2_pop_slice","gen_lane[2].i_p2_pop_slice/hmatch_budget_q_reg[0][0]",net,,"gen_lane[2].i_p2_pop_slice",4,"hmatch_budget_q_reg[0]/Q",4,"2",0
"i_p2_pop_slice","gen_lane[2].i_p2_pop_slice/hmatch_budget_q_reg[0][10]",net,,"gen_lane[2].i_p2_pop_slice",3,"hmatch_budget_q_reg[10]/Q",3,"2",0
"i_p2_pop_slice","gen_lane[2].i_p2_pop_slice/hmatch_budget_q_reg[0][1]",net,,"gen_lane[2].i_p2_pop_slice",4,"hmatch_budget_q_reg[1]/Q",4,"2",0
"i_p2_pop_slice","gen_lane[2].i_p2_pop_slice/hmatch_budget_q_reg[0][2]",net,,"gen_lane[2].i_p2_pop_slice",4,"hmatch_budget_q_reg[2]/Q",4,"2",0
"i_p2_pop_slice","gen_lane[2].i_p2_pop_slice/hmatch_budget_q_reg[0][3]",net,,"gen_lane[2].i_p2_pop_slice",4,"hmatch_budget_q_reg[3]/Q",4,"2",0
"i_p2_pop_slice","gen_lane[2].i_p2_pop_slice/hmatch_budget_q_reg[0][4]",net,,"gen_lane[2].i_p2_pop_slice",4,"hmatch_budget_q_reg[4]/Q",4,"2",0
"i_p2_pop_slice","gen_lane[2].i_p2_pop_slice/hmatch_budget_q_reg[0][5]",net,,"gen_lane[2].i_p2_pop_slice",4,"hmatch_budget_q_reg[5]/Q",4,"2",0
"i_p2_pop_slice","gen_lane[2].i_p2_pop_slice/hmatch_budget_q_reg[0][6]",net,,"gen_lane[2].i_p2_pop_slice",4,"hmatch_budget_q_reg[6]/Q",4,"2",0
"i_p2_pop_slice","gen_lane[2].i_p2_pop_slice/hmatch_budget_q_reg[0][7]",net,,"gen_lane[2].i_p2_pop_slice",4,"hmatch_budget_q_reg[7]/Q",4,"2",0
"i_p2_pop_slice","gen_lane[2].i_p2_pop_slice/hmatch_budget_q_reg[0][8]",net,,"gen_lane[2].i_p2_pop_slice",4,"hmatch_budget_q_reg[8]/Q",4,"2",0
"i_p2_pop_slice","gen_lane[2].i_p2_pop_slice/hmatch_budget_q_reg[0][9]",net,,"gen_lane[2].i_p2_pop_slice",4,"hmatch_budget_q_reg[9]/Q",4,"2",0
"i_p2_pop_slice","gen_lane[2].i_p2_pop_slice/hmatch_budget_q_reg[10][0]",net,,"gen_lane[2].i_p2_pop_slice",3,"hmatch_best_dist_q_reg[0]/Q",3,"2",0
"i_p2_pop_slice","gen_lane[2].i_p2_pop_slice/hmatch_budget_q_reg[10][10]",net,,"gen_lane[2].i_p2_pop_slice",3,"hmatch_best_dist_q_reg[10]/Q",3,"2",0
"i_p2_pop_slice","gen_lane[2].i_p2_pop_slice/hmatch_budget_q_reg[10][1]",net,,"gen_lane[2].i_p2_pop_slice",3,"hmatch_best_dist_q_reg[1]/Q",3,"2",0
"i_p2_pop_slice","gen_lane[2].i_p2_pop_slice/hmatch_budget_q_reg[10][2]",net,,"gen_lane[2].i_p2_pop_slice",3,"hmatch_best_dist_q_reg[2]/Q",3,"2",0
"i_p2_pop_slice","gen_lane[2].i_p2_pop_slice/hmatch_budget_q_reg[10][3]",net,,"gen_lane[2].i_p2_pop_slice",3,"hmatch_best_dist_q_reg[3]/Q",3,"2",0
"i_p2_pop_slice","gen_lane[2].i_p2_pop_slice/hmatch_budget_q_reg[10][4]",net,,"gen_lane[2].i_p2_pop_slice",3,"hmatch_best_dist_q_reg[4]/Q",3,"2",0
"i_p2_pop_slice","gen_lane[2].i_p2_pop_slice/hmatch_budget_q_reg[10][5]",net,,"gen_lane[2].i_p2_pop_slice",3,"hmatch_best_dist_q_reg[5]/Q",3,"2",0
"i_p2_pop_slice","gen_lane[2].i_p2_pop_slice/hmatch_budget_q_reg[10][6]",net,,"gen_lane[2].i_p2_pop_slice",3,"hmatch_best_dist_q_reg[6]/Q",3,"2",0
"i_p2_pop_slice","gen_lane[2].i_p2_pop_slice/hmatch_budget_q_reg[10][7]",net,,"gen_lane[2].i_p2_pop_slice",3,"hmatch_best_dist_q_reg[7]/Q",3,"2",0
"i_p2_pop_slice","gen_lane[2].i_p2_pop_slice/hmatch_budget_q_reg[10][8]",net,,"gen_lane[2].i_p2_pop_slice",3,"hmatch_best_dist_q_reg[8]/Q",3,"2",0
"i_p2_pop_slice","gen_lane[2].i_p2_pop_slice/hmatch_budget_q_reg[10][9]",net,,"gen_lane[2].i_p2_pop_slice",3,"hmatch_best_dist_q_reg[9]/Q",3,"2",0
"i_p2_pop_slice","gen_lane[2].i_p2_pop_slice/hmatch_budget_q_reg[10]_i_4_n_2",net,,"gen_lane[2].i_p2_pop_slice",0,"gen_lane[2].i_p2_pop_slice/hmatch_budget_q_reg[10]_i_4/CO[1]",0,"",0
"i_p2_pop_slice","gen_lane[2].i_p2_pop_slice/hmatch_budget_q_reg[10]_i_4_n_3",net,,"gen_lane[2].i_p2_pop_slice",0,"gen_lane[2].i_p2_pop_slice/hmatch_budget_q_reg[10]_i_4/CO[0]",0,"",0
"i_p2_pop_slice","gen_lane[2].i_p2_pop_slice/hmatch_budget_q_reg[10]_i_5_n_3",net,,"gen_lane[2].i_p2_pop_slice",0,"gen_lane[2].i_p2_pop_slice/hmatch_budget_q_reg[10]_i_5/CO[0]",0,"",0
"i_p2_pop_slice","gen_lane[2].i_p2_pop_slice/hmatch_budget_q_reg[10]_i_9_n_0",net,,"gen_lane[2].i_p2_pop_slice",1,"gen_lane[2].i_p2_pop_slice/hmatch_budget_q_reg[10]_i_9/CO[3]",1,"2",0
"i_p2_pop_slice","gen_lane[2].i_p2_pop_slice/hmatch_budget_q_reg[10]_i_9_n_1",net,,"gen_lane[2].i_p2_pop_slice",0,"gen_lane[2].i_p2_pop_slice/hmatch_budget_q_reg[10]_i_9/CO[2]",0,"",0
"i_p2_pop_slice","gen_lane[2].i_p2_pop_slice/hmatch_budget_q_reg[10]_i_9_n_2",net,,"gen_lane[2].i_p2_pop_slice",0,"gen_lane[2].i_p2_pop_slice/hmatch_budget_q_reg[10]_i_9/CO[1]",0,"",0
"i_p2_pop_slice","gen_lane[2].i_p2_pop_slice/hmatch_budget_q_reg[10]_i_9_n_3",net,,"gen_lane[2].i_p2_pop_slice",0,"gen_lane[2].i_p2_pop_slice/hmatch_budget_q_reg[10]_i_9/CO[0]",0,"",0
"i_p2_pop_slice","gen_lane[2].i_p2_pop_slice/hmatch_budget_q_reg[3]_i_2_n_0",net,,"gen_lane[2].i_p2_pop_slice",1,"gen_lane[2].i_p2_pop_slice/hmatch_budget_q_reg[3]_i_2/CO[3]",1,"2",0
"i_p2_pop_slice","gen_lane[2].i_p2_pop_slice/hmatch_budget_q_reg[3]_i_2_n_1",net,,"gen_lane[2].i_p2_pop_slice",0,"gen_lane[2].i_p2_pop_slice/hmatch_budget_q_reg[3]_i_2/CO[2]",0,"",0
"i_p2_pop_slice","gen_lane[2].i_p2_pop_slice/hmatch_budget_q_reg[3]_i_2_n_2",net,,"gen_lane[2].i_p2_pop_slice",0,"gen_lane[2].i_p2_pop_slice/hmatch_budget_q_reg[3]_i_2/CO[1]",0,"",0
"i_p2_pop_slice","gen_lane[2].i_p2_pop_slice/hmatch_budget_q_reg[3]_i_2_n_3",net,,"gen_lane[2].i_p2_pop_slice",0,"gen_lane[2].i_p2_pop_slice/hmatch_budget_q_reg[3]_i_2/CO[0]",0,"",0
"i_p2_pop_slice","gen_lane[2].i_p2_pop_slice/hmatch_budget_q_reg[7]_i_2_n_0",net,,"gen_lane[2].i_p2_pop_slice",1,"gen_lane[2].i_p2_pop_slice/hmatch_budget_q_reg[7]_i_2/CO[3]",1,"2",0
"i_p2_pop_slice","gen_lane[2].i_p2_pop_slice/hmatch_budget_q_reg[7]_i_2_n_1",net,,"gen_lane[2].i_p2_pop_slice",0,"gen_lane[2].i_p2_pop_slice/hmatch_budget_q_reg[7]_i_2/CO[2]",0,"",0
"i_p2_pop_slice","gen_lane[2].i_p2_pop_slice/hmatch_budget_q_reg[7]_i_2_n_2",net,,"gen_lane[2].i_p2_pop_slice",0,"gen_lane[2].i_p2_pop_slice/hmatch_budget_q_reg[7]_i_2/CO[1]",0,"",0
"i_p2_pop_slice","gen_lane[2].i_p2_pop_slice/hmatch_budget_q_reg[7]_i_2_n_3",net,,"gen_lane[2].i_p2_pop_slice",0,"gen_lane[2].i_p2_pop_slice/hmatch_budget_q_reg[7]_i_2/CO[0]",0,"",0
"i_p2_pop_slice","gen_lane[2].i_p2_pop_slice/hmatch_update_n",net,,"gen_lane[2].i_p2_pop_slice",10,"gen_lane[2].i_p2_pop_slice/hmatch_budget_q[9]_i_2/O",10,"2",0
"i_p2_pop_slice","gen_lane[2].i_p2_pop_slice/hmatch_update_q",net,,"gen_lane[2].i_p2_pop_slice",43,"hmatch_update_q_reg/Q",43,"2",0
"i_p2_pop_slice","gen_lane[2].i_p2_pop_slice/hmatch_update_q_reg[0]",net,,"gen_lane[2].i_p2_pop_slice",27,"uop_p3_q_reg[op_type][0]/Q",27,"2",0
"i_p2_pop_slice","gen_lane[2].i_p2_pop_slice/hmatch_update_q_reg[1]",net,,"gen_lane[2].i_p2_pop_slice",69,"uop_p3_q_reg[op_type][1]/Q",69,"2",0
"i_p2_pop_slice","gen_lane[2].i_p2_pop_slice/hmatch_update_q_reg[2]",net,,"gen_lane[2].i_p2_pop_slice",67,"uop_p3_q_reg[op_type][2]/Q",67,"2",0
"i_p2_pop_slice","gen_lane[2].i_p2_pop_slice/hmatch_update_q_reg_0[0]",net,,"gen_lane[2].i_p2_pop_slice",36,"uop_p3_q_reg[chunk_idx][0]/Q",36,"2",0
"i_p2_pop_slice","gen_lane[2].i_p2_pop_slice/hmatch_update_q_reg_0[1]",net,,"gen_lane[2].i_p2_pop_slice",32,"uop_p3_q_reg[chunk_idx][1]/Q",32,"2",0
"i_p2_pop_slice","gen_lane[2].i_p2_pop_slice/hsim_total_q[10]_i_6_n_0",net,,"gen_lane[2].i_p2_pop_slice",1,"gen_lane[2].i_p2_pop_slice/hsim_total_q[10]_i_6/O",1,"2",0
"i_p2_pop_slice","gen_lane[2].i_p2_pop_slice/hsim_total_q[3]_i_11_n_0",net,,"gen_lane[2].i_p2_pop_slice",1,"gen_lane[2].i_p2_pop_slice/hsim_total_q[3]_i_11/O",1,"2",0
"i_p2_pop_slice","gen_lane[2].i_p2_pop_slice/hsim_total_q[3]_i_3_n_0",net,,"gen_lane[2].i_p2_pop_slice",1,"gen_lane[2].i_p2_pop_slice/hsim_total_q[3]_i_3/O",1,"2",0
"i_p2_pop_slice","gen_lane[2].i_p2_pop_slice/hsim_total_q[3]_i_4_n_0",net,,"gen_lane[2].i_p2_pop_slice",1,"gen_lane[2].i_p2_pop_slice/hsim_total_q[3]_i_4/O",1,"2",0
"i_p2_pop_slice","gen_lane[2].i_p2_pop_slice/hsim_total_q[3]_i_5_n_0",net,,"gen_lane[2].i_p2_pop_slice",1,"gen_lane[2].i_p2_pop_slice/hsim_total_q[3]_i_5/O",1,"2",0
"i_p2_pop_slice","gen_lane[2].i_p2_pop_slice/hsim_total_q[3]_i_6_n_0",net,,"gen_lane[2].i_p2_pop_slice",1,"gen_lane[2].i_p2_pop_slice/hsim_total_q[3]_i_6/O",1,"2",0
"i_p2_pop_slice","gen_lane[2].i_p2_pop_slice/hsim_total_q[3]_i_8_n_0",net,,"gen_lane[2].i_p2_pop_slice",2,"gen_lane[2].i_p2_pop_slice/hsim_total_q[3]_i_8/O",2,"2",0
"i_p2_pop_slice","gen_lane[2].i_p2_pop_slice/hsim_total_q[3]_i_9_n_0",net,,"gen_lane[2].i_p2_pop_slice",1,"gen_lane[2].i_p2_pop_slice/hsim_total_q[3]_i_9/O",1,"2",0
"i_p2_pop_slice","gen_lane[2].i_p2_pop_slice/hsim_total_q[7]_i_10_n_0",net,,"gen_lane[2].i_p2_pop_slice",2,"gen_lane[2].i_p2_pop_slice/hsim_total_q[7]_i_10/O",2,"2",0
"i_p2_pop_slice","gen_lane[2].i_p2_pop_slice/hsim_total_q[7]_i_11_n_0",net,,"gen_lane[2].i_p2_pop_slice",2,"gen_lane[2].i_p2_pop_slice/hsim_total_q[7]_i_11/O",2,"2",0
"i_p2_pop_slice","gen_lane[2].i_p2_pop_slice/hsim_total_q[7]_i_13_n_0",net,,"gen_lane[2].i_p2_pop_slice",1,"gen_lane[2].i_p2_pop_slice/hsim_total_q[7]_i_13/O",1,"2",0
"i_p2_pop_slice","gen_lane[2].i_p2_pop_slice/hsim_total_q[7]_i_14_n_0",net,,"gen_lane[2].i_p2_pop_slice",1,"gen_lane[2].i_p2_pop_slice/hsim_total_q[7]_i_14/O",1,"2",0
"i_p2_pop_slice","gen_lane[2].i_p2_pop_slice/hsim_total_q[7]_i_15_n_0",net,,"gen_lane[2].i_p2_pop_slice",1,"gen_lane[2].i_p2_pop_slice/hsim_total_q[7]_i_15/O",1,"2",0
"i_p2_pop_slice","gen_lane[2].i_p2_pop_slice/hsim_total_q[7]_i_17_n_0",net,,"gen_lane[2].i_p2_pop_slice",2,"gen_lane[2].i_p2_pop_slice/hsim_total_q[7]_i_17/O",2,"2",0
"i_p2_pop_slice","gen_lane[2].i_p2_pop_slice/hsim_total_q[7]_i_18_n_0",net,,"gen_lane[2].i_p2_pop_slice",1,"gen_lane[2].i_p2_pop_slice/hsim_total_q[7]_i_18/O",1,"2",0
"i_p2_pop_slice","gen_lane[2].i_p2_pop_slice/hsim_total_q[7]_i_19_n_0",net,,"gen_lane[2].i_p2_pop_slice",1,"gen_lane[2].i_p2_pop_slice/hsim_total_q[7]_i_19/O",1,"2",0
"i_p2_pop_slice","gen_lane[2].i_p2_pop_slice/hsim_total_q[7]_i_3_n_0",net,,"gen_lane[2].i_p2_pop_slice",1,"gen_lane[2].i_p2_pop_slice/hsim_total_q[7]_i_3/O",1,"2",0
"i_p2_pop_slice","gen_lane[2].i_p2_pop_slice/hsim_total_q[7]_i_4_n_0",net,,"gen_lane[2].i_p2_pop_slice",1,"gen_lane[2].i_p2_pop_slice/hsim_total_q[7]_i_4/O",1,"2",0
"i_p2_pop_slice","gen_lane[2].i_p2_pop_slice/hsim_total_q[7]_i_5_n_0",net,,"gen_lane[2].i_p2_pop_slice",1,"gen_lane[2].i_p2_pop_slice/hsim_total_q[7]_i_5/O",1,"2",0
"i_p2_pop_slice","gen_lane[2].i_p2_pop_slice/hsim_total_q[7]_i_6_0[0]",net,,"gen_lane[2].i_p2_pop_slice",1,"gen_lane[3].i_p2_pop_slice/hsim_total_q[7]_i_8/O",1,"2",0
"i_p2_pop_slice","gen_lane[2].i_p2_pop_slice/hsim_total_q[7]_i_6_1[0]",net,,"gen_lane[2].i_p2_pop_slice",1,"gen_lane[1].i_p2_pop_slice/hsim_total_q[7]_i_12/O",1,"2",0
"i_p2_pop_slice","gen_lane[2].i_p2_pop_slice/hsim_total_q[7]_i_6_n_0",net,,"gen_lane[2].i_p2_pop_slice",1,"gen_lane[2].i_p2_pop_slice/hsim_total_q[7]_i_6/O",1,"2",0
"i_p2_pop_slice","gen_lane[2].i_p2_pop_slice/hsim_total_q[7]_i_9_n_0",net,,"gen_lane[2].i_p2_pop_slice",2,"gen_lane[2].i_p2_pop_slice/hsim_total_q[7]_i_9/O",2,"2",0
"i_p2_pop_slice","gen_lane[2].i_p2_pop_slice/hsim_total_q_reg[10]",net,,"gen_lane[2].i_p2_pop_slice",105,"FSM_onehot_st_q_reg[7]_rep/Q",105,"2",0
"i_p2_pop_slice","gen_lane[2].i_p2_pop_slice/hsim_total_q_reg[10]_0[0]",net,,"gen_lane[2].i_p2_pop_slice",5,"hsim_total_q_reg[0]/Q",5,"2",0
"i_p2_pop_slice","gen_lane[2].i_p2_pop_slice/hsim_total_q_reg[10]_0[10]",net,,"gen_lane[2].i_p2_pop_slice",4,"hsim_total_q_reg[10]/Q",4,"2",0
"i_p2_pop_slice","gen_lane[2].i_p2_pop_slice/hsim_total_q_reg[10]_0[1]",net,,"gen_lane[2].i_p2_pop_slice",5,"hsim_total_q_reg[1]/Q",5,"2",0
"i_p2_pop_slice","gen_lane[2].i_p2_pop_slice/hsim_total_q_reg[10]_0[2]",net,,"gen_lane[2].i_p2_pop_slice",5,"hsim_total_q_reg[2]/Q",5,"2",0
"i_p2_pop_slice","gen_lane[2].i_p2_pop_slice/hsim_total_q_reg[10]_0[3]",net,,"gen_lane[2].i_p2_pop_slice",5,"hsim_total_q_reg[3]/Q",5,"2",0
"i_p2_pop_slice","gen_lane[2].i_p2_pop_slice/hsim_total_q_reg[10]_0[4]",net,,"gen_lane[2].i_p2_pop_slice",5,"hsim_total_q_reg[4]/Q",5,"2",0
"i_p2_pop_slice","gen_lane[2].i_p2_pop_slice/hsim_total_q_reg[10]_0[5]",net,,"gen_lane[2].i_p2_pop_slice",5,"hsim_total_q_reg[5]/Q",5,"2",0
"i_p2_pop_slice","gen_lane[2].i_p2_pop_slice/hsim_total_q_reg[10]_0[6]",net,,"gen_lane[2].i_p2_pop_slice",5,"hsim_total_q_reg[6]/Q",5,"2",0
"i_p2_pop_slice","gen_lane[2].i_p2_pop_slice/hsim_total_q_reg[10]_0[7]",net,,"gen_lane[2].i_p2_pop_slice",5,"hsim_total_q_reg[7]/Q",5,"2",0
"i_p2_pop_slice","gen_lane[2].i_p2_pop_slice/hsim_total_q_reg[10]_0[8]",net,,"gen_lane[2].i_p2_pop_slice",5,"hsim_total_q_reg[8]/Q",5,"2",0
"i_p2_pop_slice","gen_lane[2].i_p2_pop_slice/hsim_total_q_reg[10]_0[9]",net,,"gen_lane[2].i_p2_pop_slice",4,"hsim_total_q_reg[9]/Q",4,"2",0
"i_p2_pop_slice","gen_lane[2].i_p2_pop_slice/hsim_total_q_reg[10]_i_5_n_2",net,,"gen_lane[2].i_p2_pop_slice",0,"gen_lane[2].i_p2_pop_slice/hsim_total_q_reg[10]_i_5/CO[1]",0,"",0
"i_p2_pop_slice","gen_lane[2].i_p2_pop_slice/hsim_total_q_reg[10]_i_5_n_3",net,,"gen_lane[2].i_p2_pop_slice",0,"gen_lane[2].i_p2_pop_slice/hsim_total_q_reg[10]_i_5/CO[0]",0,"",0
"i_p2_pop_slice","gen_lane[2].i_p2_pop_slice/hsim_total_q_reg[10]_i_7_n_3",net,,"gen_lane[2].i_p2_pop_slice",4,"gen_lane[2].i_p2_pop_slice/hsim_total_q_reg[10]_i_7/CO[0]",4,"2",0
"i_p2_pop_slice","gen_lane[2].i_p2_pop_slice/hsim_total_q_reg[3]_i_2_n_0",net,,"gen_lane[2].i_p2_pop_slice",1,"gen_lane[2].i_p2_pop_slice/hsim_total_q_reg[3]_i_2/CO[3]",1,"2",0
"i_p2_pop_slice","gen_lane[2].i_p2_pop_slice/hsim_total_q_reg[3]_i_2_n_1",net,,"gen_lane[2].i_p2_pop_slice",0,"gen_lane[2].i_p2_pop_slice/hsim_total_q_reg[3]_i_2/CO[2]",0,"",0
"i_p2_pop_slice","gen_lane[2].i_p2_pop_slice/hsim_total_q_reg[3]_i_2_n_2",net,,"gen_lane[2].i_p2_pop_slice",0,"gen_lane[2].i_p2_pop_slice/hsim_total_q_reg[3]_i_2/CO[1]",0,"",0
"i_p2_pop_slice","gen_lane[2].i_p2_pop_slice/hsim_total_q_reg[3]_i_2_n_3",net,,"gen_lane[2].i_p2_pop_slice",0,"gen_lane[2].i_p2_pop_slice/hsim_total_q_reg[3]_i_2/CO[0]",0,"",0
"i_p2_pop_slice","gen_lane[2].i_p2_pop_slice/hsim_total_q_reg[3]_i_7_0",net,,"gen_lane[2].i_p2_pop_slice",1,"gen_lane[1].i_p2_pop_slice/hsim_total_q[3]_i_16/O",1,"2",0
"i_p2_pop_slice","gen_lane[2].i_p2_pop_slice/hsim_total_q_reg[3]_i_7_n_0",net,,"gen_lane[2].i_p2_pop_slice",1,"gen_lane[2].i_p2_pop_slice/hsim_total_q_reg[3]_i_7/CO[3]",1,"2",0
"i_p2_pop_slice","gen_lane[2].i_p2_pop_slice/hsim_total_q_reg[3]_i_7_n_1",net,,"gen_lane[2].i_p2_pop_slice",0,"gen_lane[2].i_p2_pop_slice/hsim_total_q_reg[3]_i_7/CO[2]",0,"",0
"i_p2_pop_slice","gen_lane[2].i_p2_pop_slice/hsim_total_q_reg[3]_i_7_n_2",net,,"gen_lane[2].i_p2_pop_slice",0,"gen_lane[2].i_p2_pop_slice/hsim_total_q_reg[3]_i_7/CO[1]",0,"",0
"i_p2_pop_slice","gen_lane[2].i_p2_pop_slice/hsim_total_q_reg[3]_i_7_n_3",net,,"gen_lane[2].i_p2_pop_slice",0,"gen_lane[2].i_p2_pop_slice/hsim_total_q_reg[3]_i_7/CO[0]",0,"",0
"i_p2_pop_slice","gen_lane[2].i_p2_pop_slice/hsim_total_q_reg[3]_i_7_n_4",net,,"gen_lane[2].i_p2_pop_slice",4,"gen_lane[2].i_p2_pop_slice/hsim_total_q_reg[3]_i_7/O[3]",4,"2",0
"i_p2_pop_slice","gen_lane[2].i_p2_pop_slice/hsim_total_q_reg[3]_i_7_n_5",net,,"gen_lane[2].i_p2_pop_slice",4,"gen_lane[2].i_p2_pop_slice/hsim_total_q_reg[3]_i_7/O[2]",4,"2",0
"i_p2_pop_slice","gen_lane[2].i_p2_pop_slice/hsim_total_q_reg[3]_i_7_n_6",net,,"gen_lane[2].i_p2_pop_slice",4,"gen_lane[2].i_p2_pop_slice/hsim_total_q_reg[3]_i_7/O[1]",4,"2",0
"i_p2_pop_slice","gen_lane[2].i_p2_pop_slice/hsim_total_q_reg[3]_i_7_n_7",net,,"gen_lane[2].i_p2_pop_slice",4,"gen_lane[2].i_p2_pop_slice/hsim_total_q_reg[3]_i_7/O[0]",4,"2",0
"i_p2_pop_slice","gen_lane[2].i_p2_pop_slice/hsim_total_q_reg[7]_i_2_n_0",net,,"gen_lane[2].i_p2_pop_slice",1,"gen_lane[2].i_p2_pop_slice/hsim_total_q_reg[7]_i_2/CO[3]",1,"2",0
"i_p2_pop_slice","gen_lane[2].i_p2_pop_slice/hsim_total_q_reg[7]_i_2_n_1",net,,"gen_lane[2].i_p2_pop_slice",0,"gen_lane[2].i_p2_pop_slice/hsim_total_q_reg[7]_i_2/CO[2]",0,"",0
"i_p2_pop_slice","gen_lane[2].i_p2_pop_slice/hsim_total_q_reg[7]_i_2_n_2",net,,"gen_lane[2].i_p2_pop_slice",0,"gen_lane[2].i_p2_pop_slice/hsim_total_q_reg[7]_i_2/CO[1]",0,"",0
"i_p2_pop_slice","gen_lane[2].i_p2_pop_slice/hsim_total_q_reg[7]_i_2_n_3",net,,"gen_lane[2].i_p2_pop_slice",0,"gen_lane[2].i_p2_pop_slice/hsim_total_q_reg[7]_i_2/CO[0]",0,"",0
"i_p2_pop_slice","gen_lane[2].i_p2_pop_slice/hsim_total_q_reg[7]_i_7_0[0]",net,,"gen_lane[2].i_p2_pop_slice",2,"gen_lane[0].i_p2_pop_slice/popcount_q_o_reg[0]/Q",2,"1;2",1
"i_p2_pop_slice","gen_lane[2].i_p2_pop_slice/hsim_total_q_reg[7]_i_7_0[1]",net,,"gen_lane[2].i_p2_pop_slice",3,"gen_lane[0].i_p2_pop_slice/popcount_q_o_reg[2]/Q",3,"0;2",1
"i_p2_pop_slice","gen_lane[2].i_p2_pop_slice/hsim_total_q_reg[7]_i_7_0[2]",net,,"gen_lane[2].i_p2_pop_slice",2,"gen_lane[0].i_p2_pop_slice/popcount_q_o_reg[3]/Q",2,"2",0
"i_p2_pop_slice","gen_lane[2].i_p2_pop_slice/hsim_total_q_reg[7]_i_7_0[3]",net,,"gen_lane[2].i_p2_pop_slice",2,"gen_lane[0].i_p2_pop_slice/popcount_q_o_reg[4]/Q",2,"2",0
"i_p2_pop_slice","gen_lane[2].i_p2_pop_slice/hsim_total_q_reg[7]_i_7_0[4]",net,,"gen_lane[2].i_p2_pop_slice",2,"gen_lane[0].i_p2_pop_slice/popcount_q_o_reg[5]/Q",2,"2",0
"i_p2_pop_slice","gen_lane[2].i_p2_pop_slice/hsim_total_q_reg[7]_i_7_0[5]",net,,"gen_lane[2].i_p2_pop_slice",3,"gen_lane[0].i_p2_pop_slice/popcount_q_o_reg[6]/Q",3,"1;2;3",1
"i_p2_pop_slice","gen_lane[2].i_p2_pop_slice/hsim_total_q_reg[7]_i_7_1[0]",net,,"gen_lane[2].i_p2_pop_slice",4,"gen_lane[1].i_p2_pop_slice/popcount_q_o_reg[1]/Q",4,"0;1;2",1
"i_p2_pop_slice","gen_lane[2].i_p2_pop_slice/hsim_total_q_reg[7]_i_7_1[1]",net,,"gen_lane[2].i_p2_pop_slice",3,"gen_lane[1].i_p2_pop_slice/popcount_q_o_reg[2]/Q",3,"1;2",1
"i_p2_pop_slice","gen_lane[2].i_p2_pop_slice/hsim_total_q_reg[7]_i_7_1[2]",net,,"gen_lane[2].i_p2_pop_slice",4,"gen_lane[1].i_p2_pop_slice/popcount_q_o_reg[3]/Q",4,"1;2",1
"i_p2_pop_slice","gen_lane[2].i_p2_pop_slice/hsim_total_q_reg[7]_i_7_1[3]",net,,"gen_lane[2].i_p2_pop_slice",4,"gen_lane[1].i_p2_pop_slice/popcount_q_o_reg[4]/Q",4,"2",0
"i_p2_pop_slice","gen_lane[2].i_p2_pop_slice/hsim_total_q_reg[7]_i_7_1[4]",net,,"gen_lane[2].i_p2_pop_slice",3,"gen_lane[1].i_p2_pop_slice/popcount_q_o_reg[5]/Q",3,"1;2;3",1
"i_p2_pop_slice","gen_lane[2].i_p2_pop_slice/hsim_total_q_reg[7]_i_7_1[5]",net,,"gen_lane[2].i_p2_pop_slice",3,"gen_lane[1].i_p2_pop_slice/popcount_q_o_reg[6]/Q",3,"1;2;3",1
"i_p2_pop_slice","gen_lane[2].i_p2_pop_slice/hsim_total_q_reg[7]_i_7_2[0]",net,,"gen_lane[2].i_p2_pop_slice",4,"gen_lane[3].i_p2_pop_slice/popcount_q_o_reg[1]/Q",4,"0;1;2",1
"i_p2_pop_slice","gen_lane[2].i_p2_pop_slice/hsim_total_q_reg[7]_i_7_2[1]",net,,"gen_lane[2].i_p2_pop_slice",3,"gen_lane[3].i_p2_pop_slice/popcount_q_o_reg[2]/Q",3,"1;2",1
"i_p2_pop_slice","gen_lane[2].i_p2_pop_slice/hsim_total_q_reg[7]_i_7_2[2]",net,,"gen_lane[2].i_p2_pop_slice",4,"gen_lane[3].i_p2_pop_slice/popcount_q_o_reg[3]/Q",4,"1;2",1
"i_p2_pop_slice","gen_lane[2].i_p2_pop_slice/hsim_total_q_reg[7]_i_7_2[3]",net,,"gen_lane[2].i_p2_pop_slice",4,"gen_lane[3].i_p2_pop_slice/popcount_q_o_reg[4]/Q",4,"2",0
"i_p2_pop_slice","gen_lane[2].i_p2_pop_slice/hsim_total_q_reg[7]_i_7_2[4]",net,,"gen_lane[2].i_p2_pop_slice",3,"gen_lane[3].i_p2_pop_slice/popcount_q_o_reg[5]/Q",3,"1;2;3",1
"i_p2_pop_slice","gen_lane[2].i_p2_pop_slice/hsim_total_q_reg[7]_i_7_2[5]",net,,"gen_lane[2].i_p2_pop_slice",3,"gen_lane[3].i_p2_pop_slice/popcount_q_o_reg[6]/Q",3,"1;2;3",1
"i_p2_pop_slice","gen_lane[2].i_p2_pop_slice/hsim_total_q_reg[7]_i_7_3",net,,"gen_lane[2].i_p2_pop_slice",1,"gen_lane[1].i_p2_pop_slice/hsim_total_q[7]_i_21/O",1,"2",0
"i_p2_pop_slice","gen_lane[2].i_p2_pop_slice/hsim_total_q_reg[7]_i_7_4",net,,"gen_lane[2].i_p2_pop_slice",2,"gen_lane[1].i_p2_pop_slice/hsim_total_q[7]_i_20/O",2,"1;2",1
"i_p2_pop_slice","gen_lane[2].i_p2_pop_slice/hsim_total_q_reg[7]_i_7_n_0",net,,"gen_lane[2].i_p2_pop_slice",1,"gen_lane[2].i_p2_pop_slice/hsim_total_q_reg[7]_i_7/CO[3]",1,"2",0
"i_p2_pop_slice","gen_lane[2].i_p2_pop_slice/hsim_total_q_reg[7]_i_7_n_1",net,,"gen_lane[2].i_p2_pop_slice",0,"gen_lane[2].i_p2_pop_slice/hsim_total_q_reg[7]_i_7/CO[2]",0,"",0
"i_p2_pop_slice","gen_lane[2].i_p2_pop_slice/hsim_total_q_reg[7]_i_7_n_2",net,,"gen_lane[2].i_p2_pop_slice",0,"gen_lane[2].i_p2_pop_slice/hsim_total_q_reg[7]_i_7/CO[1]",0,"",0
"i_p2_pop_slice","gen_lane[2].i_p2_pop_slice/hsim_total_q_reg[7]_i_7_n_3",net,,"gen_lane[2].i_p2_pop_slice",0,"gen_lane[2].i_p2_pop_slice/hsim_total_q_reg[7]_i_7/CO[0]",0,"",0
"i_p2_pop_slice","gen_lane[2].i_p2_pop_slice/hsim_total_q_reg[7]_i_7_n_4",net,,"gen_lane[2].i_p2_pop_slice",4,"gen_lane[2].i_p2_pop_slice/hsim_total_q_reg[7]_i_7/O[3]",4,"2",0
"i_p2_pop_slice","gen_lane[2].i_p2_pop_slice/hsim_total_q_reg[7]_i_7_n_5",net,,"gen_lane[2].i_p2_pop_slice",4,"gen_lane[2].i_p2_pop_slice/hsim_total_q_reg[7]_i_7/O[2]",4,"2",0
"i_p2_pop_slice","gen_lane[2].i_p2_pop_slice/hsim_total_q_reg[7]_i_7_n_6",net,,"gen_lane[2].i_p2_pop_slice",4,"gen_lane[2].i_p2_pop_slice/hsim_total_q_reg[7]_i_7/O[1]",4,"2",0
"i_p2_pop_slice","gen_lane[2].i_p2_pop_slice/hsim_total_q_reg[7]_i_7_n_7",net,,"gen_lane[2].i_p2_pop_slice",4,"gen_lane[2].i_p2_pop_slice/hsim_total_q_reg[7]_i_7/O[0]",4,"2",0
"i_p2_pop_slice","gen_lane[2].i_p2_pop_slice/in147[0]",net,,"gen_lane[2].i_p2_pop_slice",1,"gen_lane[2].i_p2_pop_slice/hsim_total_q_reg[3]_i_2/O[0]",1,"2",0
"i_p2_pop_slice","gen_lane[2].i_p2_pop_slice/in147[10]",net,,"gen_lane[2].i_p2_pop_slice",1,"gen_lane[2].i_p2_pop_slice/hsim_total_q_reg[10]_i_5/O[2]",1,"2",0
"i_p2_pop_slice","gen_lane[2].i_p2_pop_slice/in147[1]",net,,"gen_lane[2].i_p2_pop_slice",1,"gen_lane[2].i_p2_pop_slice/hsim_total_q_reg[3]_i_2/O[1]",1,"2",0
"i_p2_pop_slice","gen_lane[2].i_p2_pop_slice/in147[2]",net,,"gen_lane[2].i_p2_pop_slice",1,"gen_lane[2].i_p2_pop_slice/hsim_total_q_reg[3]_i_2/O[2]",1,"2",0
"i_p2_pop_slice","gen_lane[2].i_p2_pop_slice/in147[3]",net,,"gen_lane[2].i_p2_pop_slice",1,"gen_lane[2].i_p2_pop_slice/hsim_total_q_reg[3]_i_2/O[3]",1,"2",0
"i_p2_pop_slice","gen_lane[2].i_p2_pop_slice/in147[4]",net,,"gen_lane[2].i_p2_pop_slice",1,"gen_lane[2].i_p2_pop_slice/hsim_total_q_reg[7]_i_2/O[0]",1,"2",0
"i_p2_pop_slice","gen_lane[2].i_p2_pop_slice/in147[5]",net,,"gen_lane[2].i_p2_pop_slice",1,"gen_lane[2].i_p2_pop_slice/hsim_total_q_reg[7]_i_2/O[1]",1,"2",0
"i_p2_pop_slice","gen_lane[2].i_p2_pop_slice/in147[6]",net,,"gen_lane[2].i_p2_pop_slice",1,"gen_lane[2].i_p2_pop_slice/hsim_total_q_reg[7]_i_2/O[2]",1,"2",0
"i_p2_pop_slice","gen_lane[2].i_p2_pop_slice/in147[7]",net,,"gen_lane[2].i_p2_pop_slice",1,"gen_lane[2].i_p2_pop_slice/hsim_total_q_reg[7]_i_2/O[3]",1,"2",0
"i_p2_pop_slice","gen_lane[2].i_p2_pop_slice/in147[8]",net,,"gen_lane[2].i_p2_pop_slice",1,"gen_lane[2].i_p2_pop_slice/hsim_total_q_reg[10]_i_5/O[0]",1,"2",0
"i_p2_pop_slice","gen_lane[2].i_p2_pop_slice/in147[9]",net,,"gen_lane[2].i_p2_pop_slice",1,"gen_lane[2].i_p2_pop_slice/hsim_total_q_reg[10]_i_5/O[1]",1,"2",0
"i_p2_pop_slice","gen_lane[2].i_p2_pop_slice/lane_popcnt_q[2][4]",net,,"gen_lane[2].i_p2_pop_slice",4,"gen_lane[2].i_p2_pop_slice/popcount_q_o_reg[4]/Q",4,"2",0
"i_p2_pop_slice","gen_lane[2].i_p2_pop_slice/lane_result_q_reg[2][0]",net,,"gen_lane[2].i_p2_pop_slice",4,"gen_lane[3].i_p2_pop_slice/lane_result_q[3][63]_i_3/O",4,"0;1;2;3",1
"i_p2_pop_slice","gen_lane[2].i_p2_pop_slice/op_q_reg[1][0]",net,,"gen_lane[2].i_p2_pop_slice",13,"gen_lane[2].i_p2_pop_slice/hmatch_best_dist_q[10]_i_1/O",13,"2",0
"i_p2_pop_slice","gen_lane[2].i_p2_pop_slice/op_q_reg[1]_0",net,,"gen_lane[2].i_p2_pop_slice",4,"gen_lane[2].i_p2_pop_slice/uop_p0_q[src1_base][5]_i_3/O",4,"2",0
"i_p2_pop_slice","gen_lane[2].i_p2_pop_slice/op_q_reg[3]",net,,"gen_lane[2].i_p2_pop_slice",2,"gen_lane[2].i_p2_pop_slice/hmatch_best_dist_q[10]_i_3/O",2,"2",0
"i_p2_pop_slice","gen_lane[2].i_p2_pop_slice/pop_d_i",net,,"gen_lane[2].i_p2_pop_slice",4,"gen_lane[3].i_p2_pop_slice/pop_q_i_1/O",4,"0;1;2;3",1
"i_p2_pop_slice","gen_lane[2].i_p2_pop_slice/pop_q",net,,"gen_lane[2].i_p2_pop_slice",8,"gen_lane[2].i_p2_pop_slice/pop_q_reg/Q",8,"2",0
"i_p2_pop_slice","gen_lane[2].i_p2_pop_slice/pop_q_reg_0",net,,"gen_lane[2].i_p2_pop_slice",1909,"i_vrf/gen_vrf_bram[3].i_vrf_bank/FSM_onehot_st_q[0]_i_3/O",1909,"0;1;2;3",1
"i_p2_pop_slice","gen_lane[2].i_p2_pop_slice/popcount_q_o_reg[2]_0",net,,"gen_lane[2].i_p2_pop_slice",3,"gen_lane[2].i_p2_pop_slice/hsim_total_q[3]_i_15/O",3,"0;2",1
"i_p2_pop_slice","gen_lane[2].i_p2_pop_slice/popcount_q_o_reg[6]_0[0]",net,,"gen_lane[2].i_p2_pop_slice",2,"gen_lane[2].i_p2_pop_slice/popcount_q_o_reg[0]/Q",2,"1",0
"i_p2_pop_slice","gen_lane[2].i_p2_pop_slice/popcount_q_o_reg[6]_0[1]",net,,"gen_lane[2].i_p2_pop_slice",4,"gen_lane[2].i_p2_pop_slice/popcount_q_o_reg[1]/Q",4,"0;1;2",1
"i_p2_pop_slice","gen_lane[2].i_p2_pop_slice/popcount_q_o_reg[6]_0[2]",net,,"gen_lane[2].i_p2_pop_slice",3,"gen_lane[2].i_p2_pop_slice/popcount_q_o_reg[2]/Q",3,"1;2",1
"i_p2_pop_slice","gen_lane[2].i_p2_pop_slice/popcount_q_o_reg[6]_0[3]",net,,"gen_lane[2].i_p2_pop_slice",4,"gen_lane[2].i_p2_pop_slice/popcount_q_o_reg[3]/Q",4,"1;2",1
"i_p2_pop_slice","gen_lane[2].i_p2_pop_slice/popcount_q_o_reg[6]_0[4]",net,,"gen_lane[2].i_p2_pop_slice",3,"gen_lane[2].i_p2_pop_slice/popcount_q_o_reg[5]/Q",3,"1;2;3",1
"i_p2_pop_slice","gen_lane[2].i_p2_pop_slice/popcount_q_o_reg[6]_0[5]",net,,"gen_lane[2].i_p2_pop_slice",3,"gen_lane[2].i_p2_pop_slice/popcount_q_o_reg[6]/Q",3,"1;2;3",1
"i_p2_pop_slice","gen_lane[2].i_p2_pop_slice/popcount_q_o_reg[6]_1[0]",net,,"gen_lane[2].i_p2_pop_slice",1,"i_vrf/gen_vrf_bram[2].i_vrf_bank/popcount_q_o[0]_i_1__1/O",1,"2",0
"i_p2_pop_slice","gen_lane[2].i_p2_pop_slice/popcount_q_o_reg[6]_1[1]",net,,"gen_lane[2].i_p2_pop_slice",1,"i_vrf/gen_vrf_bram[2].i_vrf_bank/popcount_q_o[1]_i_1__1/O",1,"2",0
"i_p2_pop_slice","gen_lane[2].i_p2_pop_slice/popcount_q_o_reg[6]_1[2]",net,,"gen_lane[2].i_p2_pop_slice",1,"i_vrf/gen_vrf_bram[2].i_vrf_bank/popcount_q_o[2]_i_1__1/O",1,"2",0
"i_p2_pop_slice","gen_lane[2].i_p2_pop_slice/popcount_q_o_reg[6]_1[3]",net,,"gen_lane[2].i_p2_pop_slice",1,"i_vrf/gen_vrf_bram[2].i_vrf_bank/popcount_q_o[3]_i_1__1/O",1,"2",0
"i_p2_pop_slice","gen_lane[2].i_p2_pop_slice/popcount_q_o_reg[6]_1[4]",net,,"gen_lane[2].i_p2_pop_slice",1,"i_vrf/gen_vrf_bram[2].i_vrf_bank/popcount_q_o[4]_i_1__1/O",1,"2",0
"i_p2_pop_slice","gen_lane[2].i_p2_pop_slice/popcount_q_o_reg[6]_1[5]",net,,"gen_lane[2].i_p2_pop_slice",1,"i_vrf/gen_vrf_bram[2].i_vrf_bank/popcount_q_o[5]_i_1__1/O",1,"2",0
"i_p2_pop_slice","gen_lane[2].i_p2_pop_slice/popcount_q_o_reg[6]_1[6]",net,,"gen_lane[2].i_p2_pop_slice",1,"i_vrf/gen_vrf_bram[2].i_vrf_bank/popcount_q_o[6]_i_1__1/O",1,"2",0
"i_p2_pop_slice","gen_lane[2].i_p2_pop_slice/uop_p0_q[src1_addr][5]_i_12_n_0",net,,"gen_lane[2].i_p2_pop_slice",1,"gen_lane[2].i_p2_pop_slice/uop_p0_q[src1_addr][5]_i_12/O",1,"2",0
"i_p2_pop_slice","gen_lane[2].i_p2_pop_slice/uop_p0_q[src1_addr][5]_i_17_n_0",net,,"gen_lane[2].i_p2_pop_slice",1,"gen_lane[2].i_p2_pop_slice/uop_p0_q[src1_addr][5]_i_17/O",1,"2",0
"i_p2_pop_slice","gen_lane[2].i_p2_pop_slice/uop_p0_q[src1_addr][5]_i_18_n_0",net,,"gen_lane[2].i_p2_pop_slice",1,"gen_lane[2].i_p2_pop_slice/uop_p0_q[src1_addr][5]_i_18/O",1,"2",0
"i_p2_pop_slice","gen_lane[2].i_p2_pop_slice/uop_p0_q[src1_addr][5]_i_19_n_0",net,,"gen_lane[2].i_p2_pop_slice",1,"gen_lane[2].i_p2_pop_slice/uop_p0_q[src1_addr][5]_i_19/O",1,"2",0
"i_p2_pop_slice","gen_lane[2].i_p2_pop_slice/uop_p0_q[src1_addr][5]_i_20_n_0",net,,"gen_lane[2].i_p2_pop_slice",1,"gen_lane[2].i_p2_pop_slice/uop_p0_q[src1_addr][5]_i_20/O",1,"2",0
"i_p2_pop_slice","gen_lane[2].i_p2_pop_slice/uop_p0_q[src1_addr][5]_i_21_n_0",net,,"gen_lane[2].i_p2_pop_slice",1,"gen_lane[2].i_p2_pop_slice/uop_p0_q[src1_addr][5]_i_21/O",1,"2",0
"i_p2_pop_slice","gen_lane[2].i_p2_pop_slice/uop_p0_q[src1_addr][5]_i_22_n_0",net,,"gen_lane[2].i_p2_pop_slice",1,"gen_lane[2].i_p2_pop_slice/uop_p0_q[src1_addr][5]_i_22/O",1,"2",0
"i_p2_pop_slice","gen_lane[2].i_p2_pop_slice/uop_p0_q[src1_addr][5]_i_23_n_0",net,,"gen_lane[2].i_p2_pop_slice",1,"gen_lane[2].i_p2_pop_slice/uop_p0_q[src1_addr][5]_i_23/O",1,"2",0
"i_p2_pop_slice","gen_lane[2].i_p2_pop_slice/uop_p0_q[src1_addr][5]_i_24_n_0",net,,"gen_lane[2].i_p2_pop_slice",1,"gen_lane[2].i_p2_pop_slice/uop_p0_q[src1_addr][5]_i_24/O",1,"2",0
"i_p2_pop_slice","gen_lane[2].i_p2_pop_slice/uop_p0_q[src1_addr][5]_i_25_n_0",net,,"gen_lane[2].i_p2_pop_slice",1,"gen_lane[2].i_p2_pop_slice/uop_p0_q[src1_addr][5]_i_25/O",1,"2",0
"i_p2_pop_slice","gen_lane[2].i_p2_pop_slice/uop_p0_q[src1_addr][5]_i_26_n_0",net,,"gen_lane[2].i_p2_pop_slice",1,"gen_lane[2].i_p2_pop_slice/uop_p0_q[src1_addr][5]_i_26/O",1,"2",0
"i_p2_pop_slice","gen_lane[2].i_p2_pop_slice/uop_p0_q[src1_addr][5]_i_27_n_0",net,,"gen_lane[2].i_p2_pop_slice",1,"gen_lane[2].i_p2_pop_slice/uop_p0_q[src1_addr][5]_i_27/O",1,"2",0
"i_p2_pop_slice","gen_lane[2].i_p2_pop_slice/uop_p0_q[src1_addr][5]_i_28_n_0",net,,"gen_lane[2].i_p2_pop_slice",1,"gen_lane[2].i_p2_pop_slice/uop_p0_q[src1_addr][5]_i_28/O",1,"2",0
"i_p2_pop_slice","gen_lane[2].i_p2_pop_slice/uop_p0_q[src1_addr][5]_i_29_n_0",net,,"gen_lane[2].i_p2_pop_slice",1,"gen_lane[2].i_p2_pop_slice/uop_p0_q[src1_addr][5]_i_29/O",1,"2",0
"i_p2_pop_slice","gen_lane[2].i_p2_pop_slice/uop_p0_q[src1_addr][5]_i_30_n_0",net,,"gen_lane[2].i_p2_pop_slice",1,"gen_lane[2].i_p2_pop_slice/uop_p0_q[src1_addr][5]_i_30/O",1,"2",0
"i_p2_pop_slice","gen_lane[2].i_p2_pop_slice/uop_p0_q_reg[chunk_idx][1]",net,,"gen_lane[2].i_p2_pop_slice",2,"gen_lane[2].i_p2_pop_slice/hmatch_best_dist_q[10]_i_4/O",2,"2",0
"i_p2_pop_slice","gen_lane[2].i_p2_pop_slice/uop_p0_q_reg[src1_addr][5]_i_14_n_0",net,,"gen_lane[2].i_p2_pop_slice",1,"gen_lane[2].i_p2_pop_slice/uop_p0_q_reg[src1_addr][5]_i_14/CO[3]",1,"2",0
"i_p2_pop_slice","gen_lane[2].i_p2_pop_slice/uop_p0_q_reg[src1_addr][5]_i_14_n_1",net,,"gen_lane[2].i_p2_pop_slice",0,"gen_lane[2].i_p2_pop_slice/uop_p0_q_reg[src1_addr][5]_i_14/CO[2]",0,"",0
"i_p2_pop_slice","gen_lane[2].i_p2_pop_slice/uop_p0_q_reg[src1_addr][5]_i_14_n_2",net,,"gen_lane[2].i_p2_pop_slice",0,"gen_lane[2].i_p2_pop_slice/uop_p0_q_reg[src1_addr][5]_i_14/CO[1]",0,"",0
"i_p2_pop_slice","gen_lane[2].i_p2_pop_slice/uop_p0_q_reg[src1_addr][5]_i_14_n_3",net,,"gen_lane[2].i_p2_pop_slice",0,"gen_lane[2].i_p2_pop_slice/uop_p0_q_reg[src1_addr][5]_i_14/CO[0]",0,"",0
"i_p2_pop_slice","gen_lane[2].i_p2_pop_slice/uop_p0_q_reg[src1_addr][5]_i_14_n_4",net,,"gen_lane[2].i_p2_pop_slice",1,"gen_lane[2].i_p2_pop_slice/uop_p0_q_reg[src1_addr][5]_i_14/O[3]",1,"2",0
"i_p2_pop_slice","gen_lane[2].i_p2_pop_slice/uop_p0_q_reg[src1_addr][5]_i_15_n_7",net,,"gen_lane[2].i_p2_pop_slice",1,"gen_lane[2].i_p2_pop_slice/uop_p0_q_reg[src1_addr][5]_i_15/O[0]",1,"2",0
"i_p2_pop_slice","gen_lane[2].i_p2_pop_slice/uop_p0_q_reg[src1_addr][5]_i_16_0[0]",net,,"gen_lane[2].i_p2_pop_slice",24,"a_q_reg[4]/Q",24,"2",0
"i_p2_pop_slice","gen_lane[2].i_p2_pop_slice/uop_p0_q_reg[src1_addr][5]_i_16_0[10]",net,,"gen_lane[2].i_p2_pop_slice",13,"a_q_reg[14]/Q",13,"2",0
"i_p2_pop_slice","gen_lane[2].i_p2_pop_slice/uop_p0_q_reg[src1_addr][5]_i_16_0[11]",net,,"gen_lane[2].i_p2_pop_slice",12,"a_q_reg[15]/Q",12,"2",0
"i_p2_pop_slice","gen_lane[2].i_p2_pop_slice/uop_p0_q_reg[src1_addr][5]_i_16_0[1]",net,,"gen_lane[2].i_p2_pop_slice",19,"a_q_reg[5]/Q",19,"2",0
"i_p2_pop_slice","gen_lane[2].i_p2_pop_slice/uop_p0_q_reg[src1_addr][5]_i_16_0[2]",net,,"gen_lane[2].i_p2_pop_slice",21,"a_q_reg[6]/Q",21,"2",0
"i_p2_pop_slice","gen_lane[2].i_p2_pop_slice/uop_p0_q_reg[src1_addr][5]_i_16_0[3]",net,,"gen_lane[2].i_p2_pop_slice",17,"a_q_reg[7]/Q",17,"2",0
"i_p2_pop_slice","gen_lane[2].i_p2_pop_slice/uop_p0_q_reg[src1_addr][5]_i_16_0[4]",net,,"gen_lane[2].i_p2_pop_slice",13,"a_q_reg[8]/Q",13,"2",0
"i_p2_pop_slice","gen_lane[2].i_p2_pop_slice/uop_p0_q_reg[src1_addr][5]_i_16_0[5]",net,,"gen_lane[2].i_p2_pop_slice",11,"a_q_reg[9]/Q",11,"2",0
"i_p2_pop_slice","gen_lane[2].i_p2_pop_slice/uop_p0_q_reg[src1_addr][5]_i_16_0[6]",net,,"gen_lane[2].i_p2_pop_slice",14,"a_q_reg[10]/Q",14,"2",0
"i_p2_pop_slice","gen_lane[2].i_p2_pop_slice/uop_p0_q_reg[src1_addr][5]_i_16_0[7]",net,,"gen_lane[2].i_p2_pop_slice",12,"a_q_reg[11]/Q",12,"2",0
"i_p2_pop_slice","gen_lane[2].i_p2_pop_slice/uop_p0_q_reg[src1_addr][5]_i_16_0[8]",net,,"gen_lane[2].i_p2_pop_slice",12,"a_q_reg[12]/Q",12,"2",0
"i_p2_pop_slice","gen_lane[2].i_p2_pop_slice/uop_p0_q_reg[src1_addr][5]_i_16_0[9]",net,,"gen_lane[2].i_p2_pop_slice",11,"a_q_reg[13]/Q",11,"2",0
"i_p2_pop_slice","gen_lane[2].i_p2_pop_slice/uop_p0_q_reg[src1_addr][5]_i_16_n_0",net,,"gen_lane[2].i_p2_pop_slice",1,"gen_lane[2].i_p2_pop_slice/uop_p0_q_reg[src1_addr][5]_i_16/CO[3]",1,"2",0
"i_p2_pop_slice","gen_lane[2].i_p2_pop_slice/uop_p0_q_reg[src1_addr][5]_i_16_n_1",net,,"gen_lane[2].i_p2_pop_slice",0,"gen_lane[2].i_p2_pop_slice/uop_p0_q_reg[src1_addr][5]_i_16/CO[2]",0,"",0
"i_p2_pop_slice","gen_lane[2].i_p2_pop_slice/uop_p0_q_reg[src1_addr][5]_i_16_n_2",net,,"gen_lane[2].i_p2_pop_slice",0,"gen_lane[2].i_p2_pop_slice/uop_p0_q_reg[src1_addr][5]_i_16/CO[1]",0,"",0
"i_p2_pop_slice","gen_lane[2].i_p2_pop_slice/uop_p0_q_reg[src1_addr][5]_i_16_n_3",net,,"gen_lane[2].i_p2_pop_slice",0,"gen_lane[2].i_p2_pop_slice/uop_p0_q_reg[src1_addr][5]_i_16/CO[0]",0,"",0
"i_p2_pop_slice","gen_lane[2].i_p2_pop_slice/uop_p0_q_reg[src1_addr][5]_i_16_n_4",net,,"gen_lane[2].i_p2_pop_slice",1,"gen_lane[2].i_p2_pop_slice/uop_p0_q_reg[src1_addr][5]_i_16/O[3]",1,"2",0
"i_p2_pop_slice","gen_lane[2].i_p2_pop_slice/uop_p0_q_reg[src1_addr][5]_i_16_n_5",net,,"gen_lane[2].i_p2_pop_slice",1,"gen_lane[2].i_p2_pop_slice/uop_p0_q_reg[src1_addr][5]_i_16/O[2]",1,"2",0
"i_p2_pop_slice","gen_lane[2].i_p2_pop_slice/uop_p0_q_reg[src1_addr][5]_i_16_n_6",net,,"gen_lane[2].i_p2_pop_slice",1,"gen_lane[2].i_p2_pop_slice/uop_p0_q_reg[src1_addr][5]_i_16/O[1]",1,"2",0
"i_p2_pop_slice","gen_lane[2].i_p2_pop_slice/uop_p0_q_reg[src1_addr][5]_i_16_n_7",net,,"gen_lane[2].i_p2_pop_slice",1,"gen_lane[2].i_p2_pop_slice/uop_p0_q_reg[src1_addr][5]_i_16/O[0]",1,"2",0
"i_p2_pop_slice","gen_lane[2].i_p2_pop_slice/uop_p2_q_reg[use_clip]__0",net,,"gen_lane[2].i_p2_pop_slice",72,"uop_p2_q_reg[use_clip]/Q",72,"0;1;2;3",1
"i_p2_pop_slice","gen_lane[2].i_p2_pop_slice/uop_p2_q_reg[valid]__0",net,,"gen_lane[2].i_p2_pop_slice",12,"uop_p2_q_reg[valid]/Q",12,"0;1;2;3",1
"i_p2_pop_slice","gen_lane[2].i_p2_pop_slice/uop_p3_q_reg[chunk_idx][0]",net,,"gen_lane[2].i_p2_pop_slice",7,"gen_lane[2].i_p2_pop_slice/hmatch_class_slot_q[3]_i_3/O",7,"2",0
"i_p2_pop_slice","gen_lane[2].i_p2_pop_slice/uop_p3_q_reg[class_idx][7]",net,,"gen_lane[2].i_p2_pop_slice",2,"gen_lane[2].i_p2_pop_slice/hmatch_best_dist_q[10]_i_5/O",2,"2",0
"i_p2_pop_slice","gen_lane[2].i_p2_pop_slice/uop_p3_q_reg[op_type][0]",net,,"gen_lane[2].i_p2_pop_slice",1,"gen_lane[2].i_p2_pop_slice/hmatch_update_q_i_1/O",1,"",0
"i_p2_pop_slice","gen_lane[2].i_p2_pop_slice/xor_d_i",net,,"gen_lane[2].i_p2_pop_slice",4,"gen_lane[3].i_p2_pop_slice/xor_q_i_1/O",4,"0;1;2;3",1
"i_p2_pop_slice","gen_lane[2].i_p2_pop_slice/xor_q",net,,"gen_lane[2].i_p2_pop_slice",1,"gen_lane[2].i_p2_pop_slice/xor_q_reg/Q",1,"2",0
"i_p2_pop_slice","gen_lane[2].i_p2_pop_slice_n_0",net,,".",64,"gen_lane[2].i_p2_pop_slice/lane_result_q[2][63]_i_1/O",64,"",0
"i_p2_pop_slice","gen_lane[2].i_p2_pop_slice_n_1",net,,".",13,"gen_lane[2].i_p2_pop_slice/hmatch_best_dist_q[10]_i_1/O",13,"2",0
"i_p2_pop_slice","gen_lane[2].i_p2_pop_slice_n_10",net,,".",1,"gen_lane[2].i_p2_pop_slice/hmatch_budget_q[7]_i_1/O",1,"",0
"i_p2_pop_slice","gen_lane[2].i_p2_pop_slice_n_11",net,,".",1,"gen_lane[2].i_p2_pop_slice/hmatch_budget_q[6]_i_1/O",1,"",0
"i_p2_pop_slice","gen_lane[2].i_p2_pop_slice_n_12",net,,".",1,"gen_lane[2].i_p2_pop_slice/hmatch_budget_q[5]_i_1/O",1,"",0
"i_p2_pop_slice","gen_lane[2].i_p2_pop_slice_n_13",net,,".",1,"gen_lane[2].i_p2_pop_slice/hmatch_budget_q[4]_i_1/O",1,"",0
"i_p2_pop_slice","gen_lane[2].i_p2_pop_slice_n_14",net,,".",1,"gen_lane[2].i_p2_pop_slice/hmatch_budget_q[3]_i_1/O",1,"",0
"i_p2_pop_slice","gen_lane[2].i_p2_pop_slice_n_15",net,,".",1,"gen_lane[2].i_p2_pop_slice/hmatch_budget_q[2]_i_1/O",1,"",0
"i_p2_pop_slice","gen_lane[2].i_p2_pop_slice_n_16",net,,".",1,"gen_lane[2].i_p2_pop_slice/hmatch_budget_q[1]_i_1/O",1,"",0
"i_p2_pop_slice","gen_lane[2].i_p2_pop_slice_n_17",net,,".",1,"gen_lane[2].i_p2_pop_slice/hmatch_budget_q[0]_i_1/O",1,"",0
"i_p2_pop_slice","gen_lane[2].i_p2_pop_slice_n_18",net,,".",2,"gen_lane[2].i_p2_pop_slice/uop_p0_q[src1_addr][5]_i_13/O",2,"2",0
"i_p2_pop_slice","gen_lane[2].i_p2_pop_slice_n_19",net,,".",3,"gen_lane[2].i_p2_pop_slice/hsim_total_q[3]_i_15/O",3,"0;2",1
"i_p2_pop_slice","gen_lane[2].i_p2_pop_slice_n_2",net,,".",4,"gen_lane[2].i_p2_pop_slice/uop_p0_q[src1_base][5]_i_3/O",4,"2",0
"i_p2_pop_slice","gen_lane[2].i_p2_pop_slice_n_26",net,,".",10,"gen_lane[2].i_p2_pop_slice/hsim_total_q[10]_i_4/O",10,"2",0
"i_p2_pop_slice","gen_lane[2].i_p2_pop_slice_n_27",net,,".",7,"gen_lane[2].i_p2_pop_slice/hmatch_class_slot_q[3]_i_3/O",7,"2",0
"i_p2_pop_slice","gen_lane[2].i_p2_pop_slice_n_28",net,,".",1,"gen_lane[2].i_p2_pop_slice/hsim_total_q[10]_i_2/O",1,"",0
"i_p2_pop_slice","gen_lane[2].i_p2_pop_slice_n_29",net,,".",1,"gen_lane[2].i_p2_pop_slice/hsim_total_q[9]_i_1/O",1,"",0
"i_p2_pop_slice","gen_lane[2].i_p2_pop_slice_n_3",net,,".",20,"gen_lane[2].i_p2_pop_slice/uop_p0_q[src1_addr][5]_i_5/O",20,"2",0
"i_p2_pop_slice","gen_lane[2].i_p2_pop_slice_n_30",net,,".",1,"gen_lane[2].i_p2_pop_slice/hsim_total_q[8]_i_1/O",1,"",0
"i_p2_pop_slice","gen_lane[2].i_p2_pop_slice_n_31",net,,".",1,"gen_lane[2].i_p2_pop_slice/hsim_total_q[7]_i_1/O",1,"",0
"i_p2_pop_slice","gen_lane[2].i_p2_pop_slice_n_32",net,,".",1,"gen_lane[2].i_p2_pop_slice/hsim_total_q[6]_i_1/O",1,"",0
"i_p2_pop_slice","gen_lane[2].i_p2_pop_slice_n_33",net,,".",1,"gen_lane[2].i_p2_pop_slice/hsim_total_q[5]_i_1/O",1,"",0
"i_p2_pop_slice","gen_lane[2].i_p2_pop_slice_n_34",net,,".",1,"gen_lane[2].i_p2_pop_slice/hsim_total_q[4]_i_1/O",1,"",0
"i_p2_pop_slice","gen_lane[2].i_p2_pop_slice_n_35",net,,".",1,"gen_lane[2].i_p2_pop_slice/hsim_total_q[3]_i_1/O",1,"",0
"i_p2_pop_slice","gen_lane[2].i_p2_pop_slice_n_36",net,,".",1,"gen_lane[2].i_p2_pop_slice/hsim_total_q[2]_i_1/O",1,"",0
"i_p2_pop_slice","gen_lane[2].i_p2_pop_slice_n_37",net,,".",1,"gen_lane[2].i_p2_pop_slice/hsim_total_q[1]_i_1/O",1,"",0
"i_p2_pop_slice","gen_lane[2].i_p2_pop_slice_n_38",net,,".",1,"gen_lane[2].i_p2_pop_slice/hsim_total_q[0]_i_1/O",1,"",0
"i_p2_pop_slice","gen_lane[2].i_p2_pop_slice_n_39",net,,".",1,"gen_lane[2].i_p2_pop_slice/hmatch_update_q_i_1/O",1,"",0
"i_p2_pop_slice","gen_lane[2].i_p2_pop_slice_n_4",net,,".",2,"gen_lane[2].i_p2_pop_slice/hmatch_best_dist_q[10]_i_3/O",2,"2",0
"i_p2_pop_slice","gen_lane[2].i_p2_pop_slice_n_5",net,,".",2,"gen_lane[2].i_p2_pop_slice/hmatch_best_dist_q[10]_i_4/O",2,"2",0
"i_p2_pop_slice","gen_lane[2].i_p2_pop_slice_n_6",net,,".",2,"gen_lane[2].i_p2_pop_slice/hmatch_best_dist_q[10]_i_5/O",2,"2",0
"i_p2_pop_slice","gen_lane[2].i_p2_pop_slice_n_7",net,,".",1,"gen_lane[2].i_p2_pop_slice/hmatch_budget_q[10]_i_2/O",1,"",0
"i_p2_pop_slice","gen_lane[2].i_p2_pop_slice_n_8",net,,".",1,"gen_lane[2].i_p2_pop_slice/hmatch_budget_q[9]_i_1/O",1,"",0
"i_p2_pop_slice","gen_lane[2].i_p2_pop_slice_n_9",net,,".",1,"gen_lane[2].i_p2_pop_slice/hmatch_budget_q[8]_i_1/O",1,"",0
"i_p2_pop_slice","gen_lane[3].i_p2_pop_slice/<const1>",net,,"gen_lane[3].i_p2_pop_slice",2,"gen_lane[3].i_p2_pop_slice/VCC/P",2,"3",0
"i_p2_pop_slice","gen_lane[3].i_p2_pop_slice/D[0]",net,,"gen_lane[3].i_p2_pop_slice",1,"i_vrf/gen_vrf_bram[3].i_vrf_bank/popcount_q_o[0]_i_1__2/O",1,"3",0
"i_p2_pop_slice","gen_lane[3].i_p2_pop_slice/D[1]",net,,"gen_lane[3].i_p2_pop_slice",1,"i_vrf/gen_vrf_bram[3].i_vrf_bank/popcount_q_o[1]_i_1__2/O",1,"3",0
"i_p2_pop_slice","gen_lane[3].i_p2_pop_slice/D[2]",net,,"gen_lane[3].i_p2_pop_slice",1,"i_vrf/gen_vrf_bram[3].i_vrf_bank/popcount_q_o[2]_i_1__2/O",1,"3",0
"i_p2_pop_slice","gen_lane[3].i_p2_pop_slice/D[3]",net,,"gen_lane[3].i_p2_pop_slice",1,"i_vrf/gen_vrf_bram[3].i_vrf_bank/popcount_q_o[3]_i_1__2/O",1,"3",0
"i_p2_pop_slice","gen_lane[3].i_p2_pop_slice/D[4]",net,,"gen_lane[3].i_p2_pop_slice",1,"i_vrf/gen_vrf_bram[3].i_vrf_bank/popcount_q_o[4]_i_1__2/O",1,"3",0
"i_p2_pop_slice","gen_lane[3].i_p2_pop_slice/D[5]",net,,"gen_lane[3].i_p2_pop_slice",1,"i_vrf/gen_vrf_bram[3].i_vrf_bank/popcount_q_o[5]_i_1__2/O",1,"3",0
"i_p2_pop_slice","gen_lane[3].i_p2_pop_slice/D[6]",net,,"gen_lane[3].i_p2_pop_slice",1,"i_vrf/gen_vrf_bram[3].i_vrf_bank/popcount_q_o[6]_i_1__2/O",1,"3",0
"i_p2_pop_slice","gen_lane[3].i_p2_pop_slice/E[0]",net,,"gen_lane[3].i_p2_pop_slice",64,"gen_lane[3].i_p2_pop_slice/lane_result_q[3][63]_i_1/O",64,"",0
"i_p2_pop_slice","gen_lane[3].i_p2_pop_slice/Q[0]",net,,"gen_lane[3].i_p2_pop_slice",157,"FSM_onehot_st_q_reg[6]/Q",157,"0;1;2;3",1
"i_p2_pop_slice","gen_lane[3].i_p2_pop_slice/clk_i",net,,"gen_lane[3].i_p2_pop_slice",1913,"",1909,"0;1;2;3",1
"i_p2_pop_slice","gen_lane[3].i_p2_pop_slice/hsim_total_q[7]_i_16_n_0",net,,"gen_lane[3].i_p2_pop_slice",1,"gen_lane[3].i_p2_pop_slice/hsim_total_q[7]_i_16/O",1,"3",0
"i_p2_pop_slice","gen_lane[3].i_p2_pop_slice/hsim_total_q[7]_i_8_0[0]",net,,"gen_lane[3].i_p2_pop_slice",3,"gen_lane[1].i_p2_pop_slice/popcount_q_o_reg[5]/Q",3,"1;2;3",1
"i_p2_pop_slice","gen_lane[3].i_p2_pop_slice/hsim_total_q[7]_i_8_0[1]",net,,"gen_lane[3].i_p2_pop_slice",3,"gen_lane[1].i_p2_pop_slice/popcount_q_o_reg[6]/Q",3,"1;2;3",1
"i_p2_pop_slice","gen_lane[3].i_p2_pop_slice/hsim_total_q[7]_i_8_1[0]",net,,"gen_lane[3].i_p2_pop_slice",3,"gen_lane[2].i_p2_pop_slice/popcount_q_o_reg[5]/Q",3,"1;2;3",1
"i_p2_pop_slice","gen_lane[3].i_p2_pop_slice/hsim_total_q[7]_i_8_1[1]",net,,"gen_lane[3].i_p2_pop_slice",3,"gen_lane[2].i_p2_pop_slice/popcount_q_o_reg[6]/Q",3,"1;2;3",1
"i_p2_pop_slice","gen_lane[3].i_p2_pop_slice/hsim_total_q_reg[7]_i_7[0]",net,,"gen_lane[3].i_p2_pop_slice",3,"gen_lane[0].i_p2_pop_slice/popcount_q_o_reg[6]/Q",3,"1;2;3",1
"i_p2_pop_slice","gen_lane[3].i_p2_pop_slice/lane_result_q_reg[3][0]",net,,"gen_lane[3].i_p2_pop_slice",96,"i_vrf/gen_vrf_bram[3].i_vrf_bank/lane_result_q[3][63]_i_5/O",96,"3",0
"i_p2_pop_slice","gen_lane[3].i_p2_pop_slice/lane_result_q_reg[3][0]_0",net,,"gen_lane[3].i_p2_pop_slice",96,"i_vrf/gen_vrf_bram[3].i_vrf_bank/lane_result_q[3][63]_i_7/O",96,"3",0
"i_p2_pop_slice","gen_lane[3].i_p2_pop_slice/pop_d_i",net,,"gen_lane[3].i_p2_pop_slice",4,"gen_lane[3].i_p2_pop_slice/pop_q_i_1/O",4,"0;1;2;3",1
"i_p2_pop_slice","gen_lane[3].i_p2_pop_slice/pop_q",net,,"gen_lane[3].i_p2_pop_slice",8,"gen_lane[3].i_p2_pop_slice/pop_q_reg/Q",8,"3",0
"i_p2_pop_slice","gen_lane[3].i_p2_pop_slice/pop_q_reg_0",net,,"gen_lane[3].i_p2_pop_slice",1909,"i_vrf/gen_vrf_bram[3].i_vrf_bank/FSM_onehot_st_q[0]_i_3/O",1909,"0;1;2;3",1
"i_p2_pop_slice","gen_lane[3].i_p2_pop_slice/popcount_q_o_reg[5]_0[0]",net,,"gen_lane[3].i_p2_pop_slice",1,"gen_lane[3].i_p2_pop_slice/hsim_total_q[7]_i_8/O",1,"2",0
"i_p2_pop_slice","gen_lane[3].i_p2_pop_slice/popcount_q_o_reg[6]_0[0]",net,,"gen_lane[3].i_p2_pop_slice",2,"gen_lane[3].i_p2_pop_slice/popcount_q_o_reg[0]/Q",2,"1",0
"i_p2_pop_slice","gen_lane[3].i_p2_pop_slice/popcount_q_o_reg[6]_0[1]",net,,"gen_lane[3].i_p2_pop_slice",4,"gen_lane[3].i_p2_pop_slice/popcount_q_o_reg[1]/Q",4,"0;1;2",1
"i_p2_pop_slice","gen_lane[3].i_p2_pop_slice/popcount_q_o_reg[6]_0[2]",net,,"gen_lane[3].i_p2_pop_slice",3,"gen_lane[3].i_p2_pop_slice/popcount_q_o_reg[2]/Q",3,"1;2",1
"i_p2_pop_slice","gen_lane[3].i_p2_pop_slice/popcount_q_o_reg[6]_0[3]",net,,"gen_lane[3].i_p2_pop_slice",4,"gen_lane[3].i_p2_pop_slice/popcount_q_o_reg[3]/Q",4,"1;2",1
"i_p2_pop_slice","gen_lane[3].i_p2_pop_slice/popcount_q_o_reg[6]_0[4]",net,,"gen_lane[3].i_p2_pop_slice",4,"gen_lane[3].i_p2_pop_slice/popcount_q_o_reg[4]/Q",4,"2",0
"i_p2_pop_slice","gen_lane[3].i_p2_pop_slice/popcount_q_o_reg[6]_0[5]",net,,"gen_lane[3].i_p2_pop_slice",3,"gen_lane[3].i_p2_pop_slice/popcount_q_o_reg[5]/Q",3,"1;2;3",1
"i_p2_pop_slice","gen_lane[3].i_p2_pop_slice/popcount_q_o_reg[6]_0[6]",net,,"gen_lane[3].i_p2_pop_slice",3,"gen_lane[3].i_p2_pop_slice/popcount_q_o_reg[6]/Q",3,"1;2;3",1
"i_p2_pop_slice","gen_lane[3].i_p2_pop_slice/uop_p1_q_reg[valid]__0",net,,"gen_lane[3].i_p2_pop_slice",4,"uop_p1_q_reg[valid]/Q",4,"3",0
"i_p2_pop_slice","gen_lane[3].i_p2_pop_slice/uop_p2_q_reg[use_clip]__0",net,,"gen_lane[3].i_p2_pop_slice",72,"uop_p2_q_reg[use_clip]/Q",72,"0;1;2;3",1
"i_p2_pop_slice","gen_lane[3].i_p2_pop_slice/uop_p2_q_reg[valid]",net,,"gen_lane[3].i_p2_pop_slice",4,"gen_lane[3].i_p2_pop_slice/lane_result_q[3][63]_i_3/O",4,"0;1;2;3",1
"i_p2_pop_slice","gen_lane[3].i_p2_pop_slice/uop_p2_q_reg[valid]__0",net,,"gen_lane[3].i_p2_pop_slice",12,"uop_p2_q_reg[valid]/Q",12,"0;1;2;3",1
"i_p2_pop_slice","gen_lane[3].i_p2_pop_slice/xor_d_i",net,,"gen_lane[3].i_p2_pop_slice",4,"gen_lane[3].i_p2_pop_slice/xor_q_i_1/O",4,"0;1;2;3",1
"i_p2_pop_slice","gen_lane[3].i_p2_pop_slice/xor_q",net,,"gen_lane[3].i_p2_pop_slice",1,"gen_lane[3].i_p2_pop_slice/xor_q_reg/Q",1,"3",0
"i_p2_pop_slice","gen_lane[3].i_p2_pop_slice/xor_q_reg_0[0]",net,,"gen_lane[3].i_p2_pop_slice",5,"uop_p1_q_reg[op_type][0]/Q",5,"3",0
"i_p2_pop_slice","gen_lane[3].i_p2_pop_slice/xor_q_reg_0[1]",net,,"gen_lane[3].i_p2_pop_slice",6,"uop_p1_q_reg[op_type][1]/Q",6,"3",0
"i_p2_pop_slice","gen_lane[3].i_p2_pop_slice/xor_q_reg_0[2]",net,,"gen_lane[3].i_p2_pop_slice",6,"uop_p1_q_reg[op_type][2]/Q",6,"3",0
"i_p2_pop_slice","gen_lane[3].i_p2_pop_slice_n_3",net,,".",4,"gen_lane[3].i_p2_pop_slice/lane_result_q[3][63]_i_3/O",4,"0;1;2;3",1
"i_p2_pop_slice","gen_lane[3].i_p2_pop_slice_n_4",net,,".",1,"gen_lane[3].i_p2_pop_slice/hsim_total_q[7]_i_8/O",1,"2",0
