rank,net,fanout,driver_pin,driver_type,data_loads,ce_loads,reset_loads,clock_loads,lut_ram_loads,other_loads,main_load_cells
1,"clk_i",2886,"","",0,0,0,2886,0,0,"FDCE=2196;FDPE=2;RAMD64E=688"
2,"i_vrf_n_931",2198,"i_vrf/FSM_onehot_st_q[0]_i_3/O","LUT1",0,0,2198,0,0,0,"FDCE=2196;FDPE=2"
3,"i_vrf/<const1>",945,"i_vrf/VCC/P","VCC",688,257,0,0,0,0,"FDCE=257;RAMD64E=688"
4,"uop_p3_n",395,"FSM_onehot_st_q_reg[6]/Q","FDCE",0,70,0,0,325,0,"FDCE=70;LUT2=14;LUT3=1;LUT4=65;LUT5=231;LUT6=14"
5,"i_vrf/p_0_in[0]",287,"i_vrf/init_cnt_q_reg[6]/Q","FDCE",0,0,0,0,287,0,"LUT2=1;LUT3=4;LUT4=1;LUT5=24;LUT6=257"
6,"FSM_onehot_st_q_reg_n_0_[8]",282,"FSM_onehot_st_q_reg[8]/Q","FDCE",0,0,0,0,282,0,"LUT2=1;LUT3=2;LUT4=8;LUT5=1;LUT6=270"
7,"i_vrf/init_state_q[0]",282,"i_vrf/init_state_q_reg[0]/Q","FDCE",0,0,0,0,282,0,"LUT4=1;LUT5=24;LUT6=257"
8,"i_vrf/FSM_onehot_st_q_reg[6]_0[1]",271,"uop_p3_q_reg[subgroup_idx][1]/Q","FDCE",0,0,0,0,271,0,"LUT2=1;LUT3=2;LUT4=260;LUT5=4;LUT6=4"
9,"i_vrf/lane_result_q[3][63]_i_10_n_0",260,"i_vrf/lane_result_q[3][63]_i_10/O","LUT2",0,0,0,0,260,0,"LUT3=4;LUT5=64;LUT6=192"
10,"i_vrf/lane_result_q[3][63]_i_7_n_0",256,"i_vrf/lane_result_q[3][63]_i_7/O","LUT6",0,0,0,0,256,0,"LUT6=256"
11,"i_vrf/lane_result_q[3][63]_i_5_n_0",256,"i_vrf/lane_result_q[3][63]_i_5/O","LUT3",0,0,0,0,256,0,"LUT6=256"
12,"src0_n",256,"src0_q[3][63]_i_1/O","LUT4",0,256,0,0,0,0,"FDCE=256"
13,"hperm_a_n",256,"hperm_a_q[3][63]_i_1/O","LUT4",0,256,0,0,0,0,"FDCE=256"
14,"lane_result_n",256,"lane_result_q[3][63]_i_1/O","LUT6",0,256,0,0,0,0,"FDCE=256"
15,"hcntadd_hv_n",256,"hcntadd_hv_q[3][63]_i_1/O","LUT4",0,256,0,0,0,0,"FDCE=256"
16,"i_vrf/vrf_b1_reg_r1_0_63_63_63/A0",216,"i_vrf/vrf_b1_reg_r1_0_63_0_2_i_15/O","LUT5",0,0,44,0,172,0,"RAMD64E=216"
17,"i_vrf/vrf_b2_reg_r1_0_63_63_63/A5",216,"i_vrf/vrf_b2_reg_r1_0_63_0_2_i_10/O","LUT5",0,0,44,0,172,0,"RAMD64E=216"
18,"i_vrf/p_1_in[4]",216,"i_vrf/vrf_b3_reg_r1_0_63_0_2_i_11/O","LUT5",0,0,44,0,172,0,"RAMD64E=216"
19,"i_vrf/vrf_b0_reg_r1_0_63_63_63/A0",216,"i_vrf/vrf_b0_reg_r1_0_63_0_2_i_15/O","LUT5",0,0,44,0,172,0,"RAMD64E=216"
20,"i_vrf/vrf_b1_reg_r1_0_63_63_63/A5",216,"i_vrf/vrf_b1_reg_r1_0_63_0_2_i_10/O","LUT5",0,0,44,0,172,0,"RAMD64E=216"
21,"i_vrf/vrf_b2_reg_r1_0_63_63_63/A4",216,"i_vrf/vrf_b2_reg_r1_0_63_0_2_i_11/O","LUT5",0,0,44,0,172,0,"RAMD64E=216"
22,"i_vrf/vrf_b0_reg_r1_0_63_63_63/A5",216,"i_vrf/vrf_b0_reg_r1_0_63_0_2_i_10/O","LUT5",0,0,44,0,172,0,"RAMD64E=216"
23,"i_vrf/p_1_in[3]",216,"i_vrf/vrf_b3_reg_r1_0_63_0_2_i_12/O","LUT5",0,0,44,0,172,0,"RAMD64E=216"
24,"i_vrf/vrf_b1_reg_r1_0_63_63_63/A4",216,"i_vrf/vrf_b1_reg_r1_0_63_0_2_i_11/O","LUT5",0,0,44,0,172,0,"RAMD64E=216"
25,"i_vrf/vrf_b2_reg_r1_0_63_63_63/A3",216,"i_vrf/vrf_b2_reg_r1_0_63_0_2_i_12/O","LUT5",0,0,44,0,172,0,"RAMD64E=216"
26,"i_vrf/vrf_b0_reg_r1_0_63_63_63/A4",216,"i_vrf/vrf_b0_reg_r1_0_63_0_2_i_11/O","LUT5",0,0,44,0,172,0,"RAMD64E=216"
27,"i_vrf/p_1_in[2]",216,"i_vrf/vrf_b3_reg_r1_0_63_0_2_i_13/O","LUT5",0,0,44,0,172,0,"RAMD64E=216"
28,"i_vrf/vrf_b1_reg_r1_0_63_63_63/A3",216,"i_vrf/vrf_b1_reg_r1_0_63_0_2_i_12/O","LUT5",0,0,44,0,172,0,"RAMD64E=216"
29,"i_vrf/vrf_b2_reg_r1_0_63_63_63/A2",216,"i_vrf/vrf_b2_reg_r1_0_63_0_2_i_13/O","LUT5",0,0,44,0,172,0,"RAMD64E=216"
30,"i_vrf/vrf_b0_reg_r1_0_63_63_63/A3",216,"i_vrf/vrf_b0_reg_r1_0_63_0_2_i_12/O","LUT5",0,0,44,0,172,0,"RAMD64E=216"
31,"i_vrf/p_1_in[1]",216,"i_vrf/vrf_b3_reg_r1_0_63_0_2_i_14/O","LUT5",0,0,44,0,172,0,"RAMD64E=216"
32,"i_vrf/vrf_b1_reg_r1_0_63_63_63/A2",216,"i_vrf/vrf_b1_reg_r1_0_63_0_2_i_13/O","LUT5",0,0,44,0,172,0,"RAMD64E=216"
33,"i_vrf/vrf_b2_reg_r1_0_63_63_63/A1",216,"i_vrf/vrf_b2_reg_r1_0_63_0_2_i_14/O","LUT5",0,0,44,0,172,0,"RAMD64E=216"
34,"i_vrf/vrf_b0_reg_r1_0_63_63_63/A2",216,"i_vrf/vrf_b0_reg_r1_0_63_0_2_i_13/O","LUT5",0,0,44,0,172,0,"RAMD64E=216"
35,"i_vrf/p_1_in[0]",216,"i_vrf/vrf_b3_reg_r1_0_63_0_2_i_15/O","LUT5",0,0,44,0,172,0,"RAMD64E=216"
36,"i_vrf/vrf_b1_reg_r1_0_63_63_63/A1",216,"i_vrf/vrf_b1_reg_r1_0_63_0_2_i_14/O","LUT5",0,0,44,0,172,0,"RAMD64E=216"
37,"i_vrf/vrf_b2_reg_r1_0_63_63_63/A0",216,"i_vrf/vrf_b2_reg_r1_0_63_0_2_i_15/O","LUT5",0,0,44,0,172,0,"RAMD64E=216"
38,"i_vrf/p_1_in[5]",216,"i_vrf/vrf_b3_reg_r1_0_63_0_2_i_10/O","LUT5",0,0,44,0,172,0,"RAMD64E=216"
39,"i_vrf/vrf_b0_reg_r1_0_63_63_63/A1",216,"i_vrf/vrf_b0_reg_r1_0_63_0_2_i_14/O","LUT5",0,0,44,0,172,0,"RAMD64E=216"
40,"i_vrf/lane_result_q[3][63]_i_15_n_0",192,"i_vrf/lane_result_q[3][63]_i_15/O","LUT6",0,0,0,0,192,0,"LUT6=192"
41,"i_vrf/lane_result_q[3][63]_i_17_n_0",192,"i_vrf/lane_result_q[3][63]_i_17/O","LUT6",0,0,0,0,192,0,"LUT6=192"
42,"i_vrf/<const0>",168,"i_vrf/GND/G","GND",0,0,0,0,168,0,"RAMD64E=168"
43,"hperm_lane_base_q[1]",162,"hperm_lane_base_q_reg[1]/Q","FDCE",0,0,0,0,162,0,"LUT5=158;LUT6=4"
44,"hperm_lane_base_q[0]",162,"hperm_lane_base_q_reg[0]/Q","FDCE",0,0,0,0,162,0,"LUT5=158;LUT6=4"
45,"hperm_lane_base_q_reg[1]_rep_n_0",158,"hperm_lane_base_q_reg[1]_rep/Q","FDCE",0,0,0,0,158,0,"LUT5=158"
46,"i_vrf/lane_result_q[3][61]_i_12_0",158,"hperm_lane_base_q_reg[0]_rep__0/Q","FDCE",0,0,0,0,158,0,"LUT5=158"
47,"hperm_lane_base_q_reg[0]_rep_n_0",158,"hperm_lane_base_q_reg[0]_rep/Q","FDCE",0,0,0,0,158,0,"LUT5=158"
48,"i_vrf/lane_result_q[3][61]_i_12_1",158,"hperm_lane_base_q_reg[1]_rep__0/Q","FDCE",0,0,0,0,158,0,"LUT5=158"
49,"i_vrf/lane_result_q[3][60]_i_10_0",158,"hperm_lane_base_q_reg[0]_rep__1/Q","FDCE",0,0,0,0,158,0,"LUT5=158"
50,"i_vrf/lane_result_q[3][60]_i_10_1",158,"hperm_lane_base_q_reg[1]_rep__1/Q","FDCE",0,0,0,0,158,0,"LUT5=158"
