rank,slack_ns,required_time_ns,data_path_delay_ns,logic_delay_ns,route_delay_ns,route_ratio,logic_levels,startpoint,endpoint,path_class,main_cells
1,0.247,5.000,4.750,1.085,3.665,0.772,5,"p2_lane_compute_q_reg/C","lane_result_q_reg[0][14]/D","P2 lane result capture","FDCE=2;LUT5=1;LUT6=4"
2,0.247,5.000,4.750,1.085,3.665,0.772,5,"p2_lane_compute_q_reg/C","lane_result_q_reg[0][15]/D","P2 lane result capture","FDCE=2;LUT5=1;LUT6=4"
3,0.247,5.000,4.750,1.085,3.665,0.772,5,"p2_lane_compute_q_reg/C","lane_result_q_reg[0][16]/D","P2 lane result capture","FDCE=2;LUT5=1;LUT6=4"
4,0.247,5.000,4.750,1.085,3.665,0.772,5,"p2_lane_compute_q_reg/C","lane_result_q_reg[0][17]/D","P2 lane result capture","FDCE=2;LUT5=1;LUT6=4"
5,0.247,5.000,4.750,1.085,3.665,0.772,5,"p2_lane_compute_q_reg/C","lane_result_q_reg[0][18]/D","P2 lane result capture","FDCE=2;LUT5=1;LUT6=4"
6,0.247,5.000,4.750,1.085,3.665,0.772,5,"p2_lane_compute_q_reg/C","lane_result_q_reg[0][19]/D","P2 lane result capture","FDCE=2;LUT5=1;LUT6=4"
7,0.247,5.000,4.750,1.085,3.665,0.772,5,"p2_lane_compute_q_reg/C","lane_result_q_reg[0][20]/D","P2 lane result capture","FDCE=2;LUT5=1;LUT6=4"
8,0.247,5.000,4.750,1.085,3.665,0.772,5,"p2_lane_compute_q_reg/C","lane_result_q_reg[0][21]/D","P2 lane result capture","FDCE=2;LUT5=1;LUT6=4"
9,0.247,5.000,4.750,1.085,3.665,0.772,5,"p2_lane_compute_q_reg/C","lane_result_q_reg[0][22]/D","P2 lane result capture","FDCE=2;LUT5=1;LUT6=4"
10,0.247,5.000,4.750,1.085,3.665,0.772,5,"p2_lane_compute_q_reg/C","lane_result_q_reg[0][23]/D","P2 lane result capture","FDCE=2;LUT5=1;LUT6=4"
11,0.247,5.000,4.750,1.085,3.665,0.772,5,"p2_lane_compute_q_reg/C","lane_result_q_reg[0][24]/D","P2 lane result capture","FDCE=2;LUT5=1;LUT6=4"
12,0.247,5.000,4.750,1.085,3.665,0.772,5,"p2_lane_compute_q_reg/C","lane_result_q_reg[0][25]/D","P2 lane result capture","FDCE=2;LUT5=1;LUT6=4"
13,0.247,5.000,4.750,1.085,3.665,0.772,5,"p2_lane_compute_q_reg/C","lane_result_q_reg[0][26]/D","P2 lane result capture","FDCE=2;LUT5=1;LUT6=4"
14,0.247,5.000,4.750,1.085,3.665,0.772,5,"p2_lane_compute_q_reg/C","lane_result_q_reg[0][27]/D","P2 lane result capture","FDCE=2;LUT5=1;LUT6=4"
15,0.247,5.000,4.750,1.085,3.665,0.772,5,"p2_lane_compute_q_reg/C","lane_result_q_reg[0][28]/D","P2 lane result capture","FDCE=2;LUT5=1;LUT6=4"
16,0.247,5.000,4.750,1.085,3.665,0.772,5,"p2_lane_compute_q_reg/C","lane_result_q_reg[0][29]/D","P2 lane result capture","FDCE=2;LUT5=1;LUT6=4"
17,0.247,5.000,4.750,1.085,3.665,0.772,5,"p2_lane_compute_q_reg/C","lane_result_q_reg[0][30]/D","P2 lane result capture","FDCE=2;LUT5=1;LUT6=4"
18,0.247,5.000,4.750,1.085,3.665,0.772,5,"p2_lane_compute_q_reg/C","lane_result_q_reg[0][31]/D","P2 lane result capture","FDCE=2;LUT5=1;LUT6=4"
19,0.247,5.000,4.750,1.085,3.665,0.772,5,"p2_lane_compute_q_reg/C","lane_result_q_reg[0][32]/D","P2 lane result capture","FDCE=2;LUT5=1;LUT6=4"
20,0.247,5.000,4.750,1.085,3.665,0.772,5,"p2_lane_compute_q_reg/C","lane_result_q_reg[0][33]/D","P2 lane result capture","FDCE=2;LUT5=1;LUT6=4"
21,0.247,5.000,4.750,1.085,3.665,0.772,5,"p2_lane_compute_q_reg/C","lane_result_q_reg[0][34]/D","P2 lane result capture","FDCE=2;LUT5=1;LUT6=4"
22,0.247,5.000,4.750,1.085,3.665,0.772,5,"p2_lane_compute_q_reg/C","lane_result_q_reg[0][35]/D","P2 lane result capture","FDCE=2;LUT5=1;LUT6=4"
23,0.247,5.000,4.750,1.085,3.665,0.772,5,"p2_lane_compute_q_reg/C","lane_result_q_reg[0][36]/D","P2 lane result capture","FDCE=2;LUT5=1;LUT6=4"
24,0.247,5.000,4.750,1.085,3.665,0.772,5,"p2_lane_compute_q_reg/C","lane_result_q_reg[0][37]/D","P2 lane result capture","FDCE=2;LUT5=1;LUT6=4"
25,0.247,5.000,4.750,1.085,3.665,0.772,5,"p2_lane_compute_q_reg/C","lane_result_q_reg[0][38]/D","P2 lane result capture","FDCE=2;LUT5=1;LUT6=4"
26,0.247,5.000,4.750,1.085,3.665,0.772,5,"p2_lane_compute_q_reg/C","lane_result_q_reg[0][39]/D","P2 lane result capture","FDCE=2;LUT5=1;LUT6=4"
27,0.247,5.000,4.750,1.085,3.665,0.772,5,"p2_lane_compute_q_reg/C","lane_result_q_reg[0][40]/D","P2 lane result capture","FDCE=2;LUT5=1;LUT6=4"
28,0.247,5.000,4.750,1.085,3.665,0.772,5,"p2_lane_compute_q_reg/C","lane_result_q_reg[0][41]/D","P2 lane result capture","FDCE=2;LUT5=1;LUT6=4"
29,0.247,5.000,4.750,1.085,3.665,0.772,5,"p2_lane_compute_q_reg/C","lane_result_q_reg[0][42]/D","P2 lane result capture","FDCE=2;LUT5=1;LUT6=4"
30,0.247,5.000,4.750,1.085,3.665,0.772,5,"p2_lane_compute_q_reg/C","lane_result_q_reg[0][43]/D","P2 lane result capture","FDCE=2;LUT5=1;LUT6=4"
31,0.247,5.000,4.750,1.085,3.665,0.772,5,"p2_lane_compute_q_reg/C","lane_result_q_reg[0][44]/D","P2 lane result capture","FDCE=2;LUT5=1;LUT6=4"
32,0.247,5.000,4.750,1.085,3.665,0.772,5,"p2_lane_compute_q_reg/C","lane_result_q_reg[0][45]/D","P2 lane result capture","FDCE=2;LUT5=1;LUT6=4"
33,0.247,5.000,4.750,1.085,3.665,0.772,5,"p2_lane_compute_q_reg/C","lane_result_q_reg[0][46]/D","P2 lane result capture","FDCE=2;LUT5=1;LUT6=4"
34,0.247,5.000,4.750,1.085,3.665,0.772,5,"p2_lane_compute_q_reg/C","lane_result_q_reg[0][47]/D","P2 lane result capture","FDCE=2;LUT5=1;LUT6=4"
35,0.247,5.000,4.750,1.085,3.665,0.772,5,"p2_lane_compute_q_reg/C","lane_result_q_reg[0][48]/D","P2 lane result capture","FDCE=2;LUT5=2;LUT6=3"
36,0.247,5.000,4.750,1.085,3.665,0.772,5,"p2_lane_compute_q_reg/C","lane_result_q_reg[0][49]/D","P2 lane result capture","FDCE=2;LUT5=2;LUT6=3"
37,0.247,5.000,4.750,1.085,3.665,0.772,5,"p2_lane_compute_q_reg/C","lane_result_q_reg[0][50]/D","P2 lane result capture","FDCE=2;LUT5=2;LUT6=3"
38,0.247,5.000,4.750,1.085,3.665,0.772,5,"p2_lane_compute_q_reg/C","lane_result_q_reg[0][51]/D","P2 lane result capture","FDCE=2;LUT5=2;LUT6=3"
39,0.247,5.000,4.750,1.085,3.665,0.772,5,"p2_lane_compute_q_reg/C","lane_result_q_reg[0][52]/D","P2 lane result capture","FDCE=2;LUT5=2;LUT6=3"
40,0.247,5.000,4.750,1.085,3.665,0.772,5,"p2_lane_compute_q_reg/C","lane_result_q_reg[0][53]/D","P2 lane result capture","FDCE=2;LUT5=2;LUT6=3"
41,0.247,5.000,4.750,1.085,3.665,0.772,5,"p2_lane_compute_q_reg/C","lane_result_q_reg[0][54]/D","P2 lane result capture","FDCE=2;LUT5=2;LUT6=3"
42,0.247,5.000,4.750,1.085,3.665,0.772,5,"p2_lane_compute_q_reg/C","lane_result_q_reg[0][55]/D","P2 lane result capture","FDCE=2;LUT5=2;LUT6=3"
43,0.247,5.000,4.750,1.085,3.665,0.772,5,"p2_lane_compute_q_reg/C","lane_result_q_reg[0][56]/D","P2 lane result capture","FDCE=2;LUT5=2;LUT6=3"
44,0.247,5.000,4.750,1.085,3.665,0.772,5,"p2_lane_compute_q_reg/C","lane_result_q_reg[0][57]/D","P2 lane result capture","FDCE=2;LUT5=2;LUT6=3"
45,0.247,5.000,4.750,1.085,3.665,0.772,5,"p2_lane_compute_q_reg/C","lane_result_q_reg[0][58]/D","P2 lane result capture","FDCE=2;LUT5=2;LUT6=3"
46,0.247,5.000,4.750,1.085,3.665,0.772,5,"p2_lane_compute_q_reg/C","lane_result_q_reg[0][59]/D","P2 lane result capture","FDCE=2;LUT5=2;LUT6=3"
47,0.247,5.000,4.750,1.085,3.665,0.772,5,"p2_lane_compute_q_reg/C","lane_result_q_reg[0][60]/D","P2 lane result capture","FDCE=2;LUT5=2;LUT6=3"
48,0.247,5.000,4.750,1.085,3.665,0.772,5,"p2_lane_compute_q_reg/C","lane_result_q_reg[0][61]/D","P2 lane result capture","FDCE=2;LUT5=2;LUT6=3"
49,0.247,5.000,4.750,1.085,3.665,0.772,5,"p2_lane_compute_q_reg/C","lane_result_q_reg[0][62]/D","P2 lane result capture","FDCE=2;LUT5=2;LUT6=3"
50,0.247,5.000,4.750,1.085,3.665,0.772,5,"p2_lane_compute_q_reg/C","lane_result_q_reg[0][63]/D","P2 lane result capture","FDCE=2;LUT5=2;LUT6=3"
51,0.247,5.000,4.750,1.085,3.665,0.772,5,"p2_lane_compute_q_reg/C","lane_result_q_reg[1][0]/D","P2 lane result capture","FDCE=2;LUT5=1;LUT6=4"
52,0.247,5.000,4.750,1.085,3.665,0.772,5,"p2_lane_compute_q_reg/C","lane_result_q_reg[1][10]/D","P2 lane result capture","FDCE=2;LUT5=1;LUT6=4"
53,0.247,5.000,4.750,1.085,3.665,0.772,5,"p2_lane_compute_q_reg/C","lane_result_q_reg[1][11]/D","P2 lane result capture","FDCE=2;LUT5=1;LUT6=4"
54,0.247,5.000,4.750,1.085,3.665,0.772,5,"p2_lane_compute_q_reg/C","lane_result_q_reg[1][12]/D","P2 lane result capture","FDCE=2;LUT5=1;LUT6=4"
55,0.247,5.000,4.750,1.085,3.665,0.772,5,"p2_lane_compute_q_reg/C","lane_result_q_reg[1][13]/D","P2 lane result capture","FDCE=2;LUT5=1;LUT6=4"
56,0.247,5.000,4.750,1.085,3.665,0.772,5,"p2_lane_compute_q_reg/C","lane_result_q_reg[1][14]/D","P2 lane result capture","FDCE=2;LUT5=1;LUT6=4"
57,0.247,5.000,4.750,1.085,3.665,0.772,5,"p2_lane_compute_q_reg/C","lane_result_q_reg[1][15]/D","P2 lane result capture","FDCE=2;LUT5=1;LUT6=4"
58,0.247,5.000,4.750,1.085,3.665,0.772,5,"p2_lane_compute_q_reg/C","lane_result_q_reg[1][16]/D","P2 lane result capture","FDCE=2;LUT5=1;LUT6=4"
59,0.247,5.000,4.750,1.085,3.665,0.772,5,"p2_lane_compute_q_reg/C","lane_result_q_reg[1][17]/D","P2 lane result capture","FDCE=2;LUT5=1;LUT6=4"
60,0.247,5.000,4.750,1.085,3.665,0.772,5,"p2_lane_compute_q_reg/C","lane_result_q_reg[1][18]/D","P2 lane result capture","FDCE=2;LUT5=1;LUT6=4"
61,0.247,5.000,4.750,1.085,3.665,0.772,5,"p2_lane_compute_q_reg/C","lane_result_q_reg[1][19]/D","P2 lane result capture","FDCE=2;LUT5=1;LUT6=4"
62,0.247,5.000,4.750,1.085,3.665,0.772,5,"p2_lane_compute_q_reg/C","lane_result_q_reg[1][1]/D","P2 lane result capture","FDCE=2;LUT5=1;LUT6=4"
63,0.247,5.000,4.750,1.085,3.665,0.772,5,"p2_lane_compute_q_reg/C","lane_result_q_reg[1][20]/D","P2 lane result capture","FDCE=2;LUT5=1;LUT6=4"
64,0.247,5.000,4.750,1.085,3.665,0.772,5,"p2_lane_compute_q_reg/C","lane_result_q_reg[1][21]/D","P2 lane result capture","FDCE=2;LUT5=1;LUT6=4"
65,0.247,5.000,4.750,1.085,3.665,0.772,5,"p2_lane_compute_q_reg/C","lane_result_q_reg[1][22]/D","P2 lane result capture","FDCE=2;LUT5=1;LUT6=4"
66,0.247,5.000,4.750,1.085,3.665,0.772,5,"p2_lane_compute_q_reg/C","lane_result_q_reg[1][23]/D","P2 lane result capture","FDCE=2;LUT5=1;LUT6=4"
67,0.247,5.000,4.750,1.085,3.665,0.772,5,"p2_lane_compute_q_reg/C","lane_result_q_reg[1][24]/D","P2 lane result capture","FDCE=2;LUT5=1;LUT6=4"
68,0.247,5.000,4.750,1.085,3.665,0.772,5,"p2_lane_compute_q_reg/C","lane_result_q_reg[1][25]/D","P2 lane result capture","FDCE=2;LUT5=1;LUT6=4"
69,0.247,5.000,4.750,1.085,3.665,0.772,5,"p2_lane_compute_q_reg/C","lane_result_q_reg[1][26]/D","P2 lane result capture","FDCE=2;LUT5=1;LUT6=4"
70,0.247,5.000,4.750,1.085,3.665,0.772,5,"p2_lane_compute_q_reg/C","lane_result_q_reg[1][27]/D","P2 lane result capture","FDCE=2;LUT5=1;LUT6=4"
71,0.247,5.000,4.750,1.085,3.665,0.772,5,"p2_lane_compute_q_reg/C","lane_result_q_reg[1][28]/D","P2 lane result capture","FDCE=2;LUT5=1;LUT6=4"
72,0.247,5.000,4.750,1.085,3.665,0.772,5,"p2_lane_compute_q_reg/C","lane_result_q_reg[1][29]/D","P2 lane result capture","FDCE=2;LUT5=1;LUT6=4"
73,0.247,5.000,4.750,1.085,3.665,0.772,5,"p2_lane_compute_q_reg/C","lane_result_q_reg[1][2]/D","P2 lane result capture","FDCE=2;LUT5=1;LUT6=4"
74,0.247,5.000,4.750,1.085,3.665,0.772,5,"p2_lane_compute_q_reg/C","lane_result_q_reg[1][30]/D","P2 lane result capture","FDCE=2;LUT5=1;LUT6=4"
75,0.247,5.000,4.750,1.085,3.665,0.772,5,"p2_lane_compute_q_reg/C","lane_result_q_reg[1][31]/D","P2 lane result capture","FDCE=2;LUT5=1;LUT6=4"
76,0.247,5.000,4.750,1.085,3.665,0.772,5,"p2_lane_compute_q_reg/C","lane_result_q_reg[1][32]/D","P2 lane result capture","FDCE=2;LUT5=1;LUT6=4"
77,0.247,5.000,4.750,1.085,3.665,0.772,5,"p2_lane_compute_q_reg/C","lane_result_q_reg[1][33]/D","P2 lane result capture","FDCE=2;LUT5=1;LUT6=4"
78,0.247,5.000,4.750,1.085,3.665,0.772,5,"p2_lane_compute_q_reg/C","lane_result_q_reg[1][34]/D","P2 lane result capture","FDCE=2;LUT5=1;LUT6=4"
79,0.247,5.000,4.750,1.085,3.665,0.772,5,"p2_lane_compute_q_reg/C","lane_result_q_reg[1][35]/D","P2 lane result capture","FDCE=2;LUT5=1;LUT6=4"
80,0.247,5.000,4.750,1.085,3.665,0.772,5,"p2_lane_compute_q_reg/C","lane_result_q_reg[1][36]/D","P2 lane result capture","FDCE=2;LUT5=1;LUT6=4"
81,0.247,5.000,4.750,1.085,3.665,0.772,5,"p2_lane_compute_q_reg/C","lane_result_q_reg[1][37]/D","P2 lane result capture","FDCE=2;LUT5=1;LUT6=4"
82,0.247,5.000,4.750,1.085,3.665,0.772,5,"p2_lane_compute_q_reg/C","lane_result_q_reg[1][38]/D","P2 lane result capture","FDCE=2;LUT5=1;LUT6=4"
83,0.247,5.000,4.750,1.085,3.665,0.772,5,"p2_lane_compute_q_reg/C","lane_result_q_reg[1][39]/D","P2 lane result capture","FDCE=2;LUT5=1;LUT6=4"
84,0.247,5.000,4.750,1.085,3.665,0.772,5,"p2_lane_compute_q_reg/C","lane_result_q_reg[1][3]/D","P2 lane result capture","FDCE=2;LUT5=1;LUT6=4"
85,0.247,5.000,4.750,1.085,3.665,0.772,5,"p2_lane_compute_q_reg/C","lane_result_q_reg[1][40]/D","P2 lane result capture","FDCE=2;LUT5=1;LUT6=4"
86,0.247,5.000,4.750,1.085,3.665,0.772,5,"p2_lane_compute_q_reg/C","lane_result_q_reg[1][41]/D","P2 lane result capture","FDCE=2;LUT5=1;LUT6=4"
87,0.247,5.000,4.750,1.085,3.665,0.772,5,"p2_lane_compute_q_reg/C","lane_result_q_reg[1][42]/D","P2 lane result capture","FDCE=2;LUT5=1;LUT6=4"
88,0.247,5.000,4.750,1.085,3.665,0.772,5,"p2_lane_compute_q_reg/C","lane_result_q_reg[1][43]/D","P2 lane result capture","FDCE=2;LUT5=1;LUT6=4"
89,0.247,5.000,4.750,1.085,3.665,0.772,5,"p2_lane_compute_q_reg/C","lane_result_q_reg[1][44]/D","P2 lane result capture","FDCE=2;LUT5=1;LUT6=4"
90,0.247,5.000,4.750,1.085,3.665,0.772,5,"p2_lane_compute_q_reg/C","lane_result_q_reg[1][45]/D","P2 lane result capture","FDCE=2;LUT5=1;LUT6=4"
91,0.247,5.000,4.750,1.085,3.665,0.772,5,"p2_lane_compute_q_reg/C","lane_result_q_reg[1][46]/D","P2 lane result capture","FDCE=2;LUT5=1;LUT6=4"
92,0.247,5.000,4.750,1.085,3.665,0.772,5,"p2_lane_compute_q_reg/C","lane_result_q_reg[1][47]/D","P2 lane result capture","FDCE=2;LUT5=1;LUT6=4"
93,0.247,5.000,4.750,1.085,3.665,0.772,5,"p2_lane_compute_q_reg/C","lane_result_q_reg[1][48]/D","P2 lane result capture","FDCE=2;LUT5=2;LUT6=3"
94,0.247,5.000,4.750,1.085,3.665,0.772,5,"p2_lane_compute_q_reg/C","lane_result_q_reg[1][49]/D","P2 lane result capture","FDCE=2;LUT5=2;LUT6=3"
95,0.247,5.000,4.750,1.085,3.665,0.772,5,"p2_lane_compute_q_reg/C","lane_result_q_reg[1][4]/D","P2 lane result capture","FDCE=2;LUT5=1;LUT6=4"
96,0.247,5.000,4.750,1.085,3.665,0.772,5,"p2_lane_compute_q_reg/C","lane_result_q_reg[1][50]/D","P2 lane result capture","FDCE=2;LUT5=2;LUT6=3"
97,0.247,5.000,4.750,1.085,3.665,0.772,5,"p2_lane_compute_q_reg/C","lane_result_q_reg[1][51]/D","P2 lane result capture","FDCE=2;LUT5=2;LUT6=3"
98,0.247,5.000,4.750,1.085,3.665,0.772,5,"p2_lane_compute_q_reg/C","lane_result_q_reg[1][52]/D","P2 lane result capture","FDCE=2;LUT5=2;LUT6=3"
99,0.247,5.000,4.750,1.085,3.665,0.772,5,"p2_lane_compute_q_reg/C","lane_result_q_reg[1][53]/D","P2 lane result capture","FDCE=2;LUT5=2;LUT6=3"
100,0.247,5.000,4.750,1.085,3.665,0.772,5,"p2_lane_compute_q_reg/C","lane_result_q_reg[1][54]/D","P2 lane result capture","FDCE=2;LUT5=2;LUT6=3"
101,0.247,5.000,4.750,1.085,3.665,0.772,5,"p2_lane_compute_q_reg/C","lane_result_q_reg[1][55]/D","P2 lane result capture","FDCE=2;LUT5=2;LUT6=3"
102,0.247,5.000,4.750,1.085,3.665,0.772,5,"p2_lane_compute_q_reg/C","lane_result_q_reg[1][56]/D","P2 lane result capture","FDCE=2;LUT5=2;LUT6=3"
103,0.247,5.000,4.750,1.085,3.665,0.772,5,"p2_lane_compute_q_reg/C","lane_result_q_reg[1][57]/D","P2 lane result capture","FDCE=2;LUT5=2;LUT6=3"
104,0.247,5.000,4.750,1.085,3.665,0.772,5,"p2_lane_compute_q_reg/C","lane_result_q_reg[1][58]/D","P2 lane result capture","FDCE=2;LUT5=2;LUT6=3"
105,0.247,5.000,4.750,1.085,3.665,0.772,5,"p2_lane_compute_q_reg/C","lane_result_q_reg[1][59]/D","P2 lane result capture","FDCE=2;LUT5=2;LUT6=3"
106,0.247,5.000,4.750,1.085,3.665,0.772,5,"p2_lane_compute_q_reg/C","lane_result_q_reg[1][5]/D","P2 lane result capture","FDCE=2;LUT5=1;LUT6=4"
107,0.247,5.000,4.750,1.085,3.665,0.772,5,"p2_lane_compute_q_reg/C","lane_result_q_reg[1][60]/D","P2 lane result capture","FDCE=2;LUT5=2;LUT6=3"
108,0.247,5.000,4.750,1.085,3.665,0.772,5,"p2_lane_compute_q_reg/C","lane_result_q_reg[1][61]/D","P2 lane result capture","FDCE=2;LUT5=2;LUT6=3"
109,0.247,5.000,4.750,1.085,3.665,0.772,5,"p2_lane_compute_q_reg/C","lane_result_q_reg[1][62]/D","P2 lane result capture","FDCE=2;LUT5=2;LUT6=3"
110,0.247,5.000,4.750,1.085,3.665,0.772,5,"p2_lane_compute_q_reg/C","lane_result_q_reg[1][63]/D","P2 lane result capture","FDCE=2;LUT5=2;LUT6=3"
111,0.247,5.000,4.750,1.085,3.665,0.772,5,"p2_lane_compute_q_reg/C","lane_result_q_reg[1][6]/D","P2 lane result capture","FDCE=2;LUT5=1;LUT6=4"
112,0.247,5.000,4.750,1.085,3.665,0.772,5,"p2_lane_compute_q_reg/C","lane_result_q_reg[1][7]/D","P2 lane result capture","FDCE=2;LUT5=1;LUT6=4"
113,0.247,5.000,4.750,1.085,3.665,0.772,5,"p2_lane_compute_q_reg/C","lane_result_q_reg[1][8]/D","P2 lane result capture","FDCE=2;LUT5=1;LUT6=4"
114,0.247,5.000,4.750,1.085,3.665,0.772,5,"p2_lane_compute_q_reg/C","lane_result_q_reg[1][9]/D","P2 lane result capture","FDCE=2;LUT5=1;LUT6=4"
115,0.247,5.000,4.750,1.085,3.665,0.772,5,"p2_lane_compute_q_reg/C","lane_result_q_reg[2][0]/D","P2 lane result capture","FDCE=2;LUT5=1;LUT6=4"
116,0.247,5.000,4.750,1.085,3.665,0.772,5,"p2_lane_compute_q_reg/C","lane_result_q_reg[2][10]/D","P2 lane result capture","FDCE=2;LUT5=1;LUT6=4"
117,0.247,5.000,4.750,1.085,3.665,0.772,5,"p2_lane_compute_q_reg/C","lane_result_q_reg[2][11]/D","P2 lane result capture","FDCE=2;LUT5=1;LUT6=4"
118,0.247,5.000,4.750,1.085,3.665,0.772,5,"p2_lane_compute_q_reg/C","lane_result_q_reg[2][12]/D","P2 lane result capture","FDCE=2;LUT5=1;LUT6=4"
119,0.247,5.000,4.750,1.085,3.665,0.772,5,"p2_lane_compute_q_reg/C","lane_result_q_reg[2][13]/D","P2 lane result capture","FDCE=2;LUT5=1;LUT6=4"
120,0.247,5.000,4.750,1.085,3.665,0.772,5,"p2_lane_compute_q_reg/C","lane_result_q_reg[2][14]/D","P2 lane result capture","FDCE=2;LUT5=1;LUT6=4"
121,0.247,5.000,4.750,1.085,3.665,0.772,5,"p2_lane_compute_q_reg/C","lane_result_q_reg[2][15]/D","P2 lane result capture","FDCE=2;LUT5=1;LUT6=4"
122,0.247,5.000,4.750,1.085,3.665,0.772,5,"p2_lane_compute_q_reg/C","lane_result_q_reg[2][16]/D","P2 lane result capture","FDCE=2;LUT5=1;LUT6=4"
123,0.247,5.000,4.750,1.085,3.665,0.772,5,"p2_lane_compute_q_reg/C","lane_result_q_reg[2][17]/D","P2 lane result capture","FDCE=2;LUT5=1;LUT6=4"
124,0.247,5.000,4.750,1.085,3.665,0.772,5,"p2_lane_compute_q_reg/C","lane_result_q_reg[2][18]/D","P2 lane result capture","FDCE=2;LUT5=1;LUT6=4"
125,0.247,5.000,4.750,1.085,3.665,0.772,5,"p2_lane_compute_q_reg/C","lane_result_q_reg[2][19]/D","P2 lane result capture","FDCE=2;LUT5=1;LUT6=4"
126,0.247,5.000,4.750,1.085,3.665,0.772,5,"p2_lane_compute_q_reg/C","lane_result_q_reg[2][1]/D","P2 lane result capture","FDCE=2;LUT5=1;LUT6=4"
127,0.247,5.000,4.750,1.085,3.665,0.772,5,"p2_lane_compute_q_reg/C","lane_result_q_reg[2][20]/D","P2 lane result capture","FDCE=2;LUT5=1;LUT6=4"
128,0.247,5.000,4.750,1.085,3.665,0.772,5,"p2_lane_compute_q_reg/C","lane_result_q_reg[2][21]/D","P2 lane result capture","FDCE=2;LUT5=1;LUT6=4"
129,0.247,5.000,4.750,1.085,3.665,0.772,5,"p2_lane_compute_q_reg/C","lane_result_q_reg[2][22]/D","P2 lane result capture","FDCE=2;LUT5=1;LUT6=4"
130,0.247,5.000,4.750,1.085,3.665,0.772,5,"p2_lane_compute_q_reg/C","lane_result_q_reg[2][23]/D","P2 lane result capture","FDCE=2;LUT5=1;LUT6=4"
131,0.247,5.000,4.750,1.085,3.665,0.772,5,"p2_lane_compute_q_reg/C","lane_result_q_reg[2][24]/D","P2 lane result capture","FDCE=2;LUT5=1;LUT6=4"
132,0.247,5.000,4.750,1.085,3.665,0.772,5,"p2_lane_compute_q_reg/C","lane_result_q_reg[2][25]/D","P2 lane result capture","FDCE=2;LUT5=1;LUT6=4"
133,0.247,5.000,4.750,1.085,3.665,0.772,5,"p2_lane_compute_q_reg/C","lane_result_q_reg[2][26]/D","P2 lane result capture","FDCE=2;LUT5=1;LUT6=4"
134,0.247,5.000,4.750,1.085,3.665,0.772,5,"p2_lane_compute_q_reg/C","lane_result_q_reg[2][27]/D","P2 lane result capture","FDCE=2;LUT5=1;LUT6=4"
135,0.247,5.000,4.750,1.085,3.665,0.772,5,"p2_lane_compute_q_reg/C","lane_result_q_reg[2][28]/D","P2 lane result capture","FDCE=2;LUT5=1;LUT6=4"
136,0.247,5.000,4.750,1.085,3.665,0.772,5,"p2_lane_compute_q_reg/C","lane_result_q_reg[2][29]/D","P2 lane result capture","FDCE=2;LUT5=1;LUT6=4"
137,0.247,5.000,4.750,1.085,3.665,0.772,5,"p2_lane_compute_q_reg/C","lane_result_q_reg[2][2]/D","P2 lane result capture","FDCE=2;LUT5=1;LUT6=4"
138,0.247,5.000,4.750,1.085,3.665,0.772,5,"p2_lane_compute_q_reg/C","lane_result_q_reg[2][30]/D","P2 lane result capture","FDCE=2;LUT5=1;LUT6=4"
139,0.247,5.000,4.750,1.085,3.665,0.772,5,"p2_lane_compute_q_reg/C","lane_result_q_reg[2][31]/D","P2 lane result capture","FDCE=2;LUT5=1;LUT6=4"
140,0.247,5.000,4.750,1.085,3.665,0.772,5,"p2_lane_compute_q_reg/C","lane_result_q_reg[2][32]/D","P2 lane result capture","FDCE=2;LUT5=1;LUT6=4"
141,0.247,5.000,4.750,1.085,3.665,0.772,5,"p2_lane_compute_q_reg/C","lane_result_q_reg[2][33]/D","P2 lane result capture","FDCE=2;LUT5=1;LUT6=4"
142,0.247,5.000,4.750,1.085,3.665,0.772,5,"p2_lane_compute_q_reg/C","lane_result_q_reg[2][34]/D","P2 lane result capture","FDCE=2;LUT5=1;LUT6=4"
143,0.247,5.000,4.750,1.085,3.665,0.772,5,"p2_lane_compute_q_reg/C","lane_result_q_reg[2][35]/D","P2 lane result capture","FDCE=2;LUT5=1;LUT6=4"
144,0.247,5.000,4.750,1.085,3.665,0.772,5,"p2_lane_compute_q_reg/C","lane_result_q_reg[2][36]/D","P2 lane result capture","FDCE=2;LUT5=1;LUT6=4"
145,0.247,5.000,4.750,1.085,3.665,0.772,5,"p2_lane_compute_q_reg/C","lane_result_q_reg[2][37]/D","P2 lane result capture","FDCE=2;LUT5=1;LUT6=4"
146,0.247,5.000,4.750,1.085,3.665,0.772,5,"p2_lane_compute_q_reg/C","lane_result_q_reg[2][38]/D","P2 lane result capture","FDCE=2;LUT5=1;LUT6=4"
147,0.247,5.000,4.750,1.085,3.665,0.772,5,"p2_lane_compute_q_reg/C","lane_result_q_reg[2][39]/D","P2 lane result capture","FDCE=2;LUT5=1;LUT6=4"
148,0.247,5.000,4.750,1.085,3.665,0.772,5,"p2_lane_compute_q_reg/C","lane_result_q_reg[2][3]/D","P2 lane result capture","FDCE=2;LUT5=1;LUT6=4"
149,0.247,5.000,4.750,1.085,3.665,0.772,5,"p2_lane_compute_q_reg/C","lane_result_q_reg[2][40]/D","P2 lane result capture","FDCE=2;LUT5=1;LUT6=4"
150,0.247,5.000,4.750,1.085,3.665,0.772,5,"p2_lane_compute_q_reg/C","lane_result_q_reg[2][41]/D","P2 lane result capture","FDCE=2;LUT5=1;LUT6=4"
151,0.247,5.000,4.750,1.085,3.665,0.772,5,"p2_lane_compute_q_reg/C","lane_result_q_reg[2][42]/D","P2 lane result capture","FDCE=2;LUT5=1;LUT6=4"
152,0.247,5.000,4.750,1.085,3.665,0.772,5,"p2_lane_compute_q_reg/C","lane_result_q_reg[2][43]/D","P2 lane result capture","FDCE=2;LUT5=1;LUT6=4"
153,0.247,5.000,4.750,1.085,3.665,0.772,5,"p2_lane_compute_q_reg/C","lane_result_q_reg[2][44]/D","P2 lane result capture","FDCE=2;LUT5=1;LUT6=4"
154,0.247,5.000,4.750,1.085,3.665,0.772,5,"p2_lane_compute_q_reg/C","lane_result_q_reg[2][45]/D","P2 lane result capture","FDCE=2;LUT5=1;LUT6=4"
155,0.247,5.000,4.750,1.085,3.665,0.772,5,"p2_lane_compute_q_reg/C","lane_result_q_reg[2][46]/D","P2 lane result capture","FDCE=2;LUT5=1;LUT6=4"
156,0.247,5.000,4.750,1.085,3.665,0.772,5,"p2_lane_compute_q_reg/C","lane_result_q_reg[2][47]/D","P2 lane result capture","FDCE=2;LUT5=1;LUT6=4"
157,0.247,5.000,4.750,1.085,3.665,0.772,5,"p2_lane_compute_q_reg/C","lane_result_q_reg[2][48]/D","P2 lane result capture","FDCE=2;LUT5=2;LUT6=3"
158,0.247,5.000,4.750,1.085,3.665,0.772,5,"p2_lane_compute_q_reg/C","lane_result_q_reg[2][49]/D","P2 lane result capture","FDCE=2;LUT5=2;LUT6=3"
159,0.247,5.000,4.750,1.085,3.665,0.772,5,"p2_lane_compute_q_reg/C","lane_result_q_reg[2][4]/D","P2 lane result capture","FDCE=2;LUT5=1;LUT6=4"
160,0.247,5.000,4.750,1.085,3.665,0.772,5,"p2_lane_compute_q_reg/C","lane_result_q_reg[2][50]/D","P2 lane result capture","FDCE=2;LUT5=2;LUT6=3"
161,0.247,5.000,4.750,1.085,3.665,0.772,5,"p2_lane_compute_q_reg/C","lane_result_q_reg[2][51]/D","P2 lane result capture","FDCE=2;LUT5=2;LUT6=3"
162,0.247,5.000,4.750,1.085,3.665,0.772,5,"p2_lane_compute_q_reg/C","lane_result_q_reg[2][52]/D","P2 lane result capture","FDCE=2;LUT5=2;LUT6=3"
163,0.247,5.000,4.750,1.085,3.665,0.772,5,"p2_lane_compute_q_reg/C","lane_result_q_reg[2][53]/D","P2 lane result capture","FDCE=2;LUT5=2;LUT6=3"
164,0.247,5.000,4.750,1.085,3.665,0.772,5,"p2_lane_compute_q_reg/C","lane_result_q_reg[2][54]/D","P2 lane result capture","FDCE=2;LUT5=2;LUT6=3"
165,0.247,5.000,4.750,1.085,3.665,0.772,5,"p2_lane_compute_q_reg/C","lane_result_q_reg[2][55]/D","P2 lane result capture","FDCE=2;LUT5=2;LUT6=3"
166,0.247,5.000,4.750,1.085,3.665,0.772,5,"p2_lane_compute_q_reg/C","lane_result_q_reg[2][56]/D","P2 lane result capture","FDCE=2;LUT5=2;LUT6=3"
167,0.247,5.000,4.750,1.085,3.665,0.772,5,"p2_lane_compute_q_reg/C","lane_result_q_reg[2][57]/D","P2 lane result capture","FDCE=2;LUT5=2;LUT6=3"
168,0.247,5.000,4.750,1.085,3.665,0.772,5,"p2_lane_compute_q_reg/C","lane_result_q_reg[2][58]/D","P2 lane result capture","FDCE=2;LUT5=2;LUT6=3"
169,0.247,5.000,4.750,1.085,3.665,0.772,5,"p2_lane_compute_q_reg/C","lane_result_q_reg[2][59]/D","P2 lane result capture","FDCE=2;LUT5=2;LUT6=3"
170,0.247,5.000,4.750,1.085,3.665,0.772,5,"p2_lane_compute_q_reg/C","lane_result_q_reg[2][5]/D","P2 lane result capture","FDCE=2;LUT5=1;LUT6=4"
171,0.247,5.000,4.750,1.085,3.665,0.772,5,"p2_lane_compute_q_reg/C","lane_result_q_reg[2][60]/D","P2 lane result capture","FDCE=2;LUT5=2;LUT6=3"
172,0.247,5.000,4.750,1.085,3.665,0.772,5,"p2_lane_compute_q_reg/C","lane_result_q_reg[2][61]/D","P2 lane result capture","FDCE=2;LUT5=2;LUT6=3"
173,0.247,5.000,4.750,1.085,3.665,0.772,5,"p2_lane_compute_q_reg/C","lane_result_q_reg[2][62]/D","P2 lane result capture","FDCE=2;LUT5=2;LUT6=3"
174,0.247,5.000,4.750,1.085,3.665,0.772,5,"p2_lane_compute_q_reg/C","lane_result_q_reg[2][63]/D","P2 lane result capture","FDCE=2;LUT5=2;LUT6=3"
175,0.247,5.000,4.750,1.085,3.665,0.772,5,"p2_lane_compute_q_reg/C","lane_result_q_reg[2][6]/D","P2 lane result capture","FDCE=2;LUT5=1;LUT6=4"
176,0.247,5.000,4.750,1.085,3.665,0.772,5,"p2_lane_compute_q_reg/C","lane_result_q_reg[2][7]/D","P2 lane result capture","FDCE=2;LUT5=1;LUT6=4"
177,0.247,5.000,4.750,1.085,3.665,0.772,5,"p2_lane_compute_q_reg/C","lane_result_q_reg[2][8]/D","P2 lane result capture","FDCE=2;LUT5=1;LUT6=4"
178,0.247,5.000,4.750,1.085,3.665,0.772,5,"p2_lane_compute_q_reg/C","lane_result_q_reg[2][9]/D","P2 lane result capture","FDCE=2;LUT5=1;LUT6=4"
179,0.247,5.000,4.750,1.085,3.665,0.772,5,"p2_lane_compute_q_reg/C","lane_result_q_reg[3][0]/D","P2 lane result capture","FDCE=2;LUT5=1;LUT6=4"
180,0.247,5.000,4.750,1.085,3.665,0.772,5,"p2_lane_compute_q_reg/C","lane_result_q_reg[3][10]/D","P2 lane result capture","FDCE=2;LUT5=1;LUT6=4"
181,0.247,5.000,4.750,1.085,3.665,0.772,5,"p2_lane_compute_q_reg/C","lane_result_q_reg[3][11]/D","P2 lane result capture","FDCE=2;LUT5=1;LUT6=4"
182,0.247,5.000,4.750,1.085,3.665,0.772,5,"p2_lane_compute_q_reg/C","lane_result_q_reg[3][12]/D","P2 lane result capture","FDCE=2;LUT5=1;LUT6=4"
183,0.247,5.000,4.750,1.085,3.665,0.772,5,"p2_lane_compute_q_reg/C","lane_result_q_reg[3][13]/D","P2 lane result capture","FDCE=2;LUT5=1;LUT6=4"
184,0.247,5.000,4.750,1.085,3.665,0.772,5,"p2_lane_compute_q_reg/C","lane_result_q_reg[3][14]/D","P2 lane result capture","FDCE=2;LUT5=1;LUT6=4"
185,0.247,5.000,4.750,1.085,3.665,0.772,5,"p2_lane_compute_q_reg/C","lane_result_q_reg[3][15]/D","P2 lane result capture","FDCE=2;LUT5=1;LUT6=4"
186,0.247,5.000,4.750,1.085,3.665,0.772,5,"p2_lane_compute_q_reg/C","lane_result_q_reg[3][16]/D","P2 lane result capture","FDCE=2;LUT5=1;LUT6=4"
187,0.247,5.000,4.750,1.085,3.665,0.772,5,"p2_lane_compute_q_reg/C","lane_result_q_reg[3][17]/D","P2 lane result capture","FDCE=2;LUT5=1;LUT6=4"
188,0.247,5.000,4.750,1.085,3.665,0.772,5,"p2_lane_compute_q_reg/C","lane_result_q_reg[3][18]/D","P2 lane result capture","FDCE=2;LUT5=1;LUT6=4"
189,0.247,5.000,4.750,1.085,3.665,0.772,5,"p2_lane_compute_q_reg/C","lane_result_q_reg[3][19]/D","P2 lane result capture","FDCE=2;LUT5=1;LUT6=4"
190,0.247,5.000,4.750,1.085,3.665,0.772,5,"p2_lane_compute_q_reg/C","lane_result_q_reg[3][1]/D","P2 lane result capture","FDCE=2;LUT5=1;LUT6=4"
191,0.247,5.000,4.750,1.085,3.665,0.772,5,"p2_lane_compute_q_reg/C","lane_result_q_reg[3][20]/D","P2 lane result capture","FDCE=2;LUT5=1;LUT6=4"
192,0.247,5.000,4.750,1.085,3.665,0.772,5,"p2_lane_compute_q_reg/C","lane_result_q_reg[3][21]/D","P2 lane result capture","FDCE=2;LUT5=1;LUT6=4"
193,0.247,5.000,4.750,1.085,3.665,0.772,5,"p2_lane_compute_q_reg/C","lane_result_q_reg[3][22]/D","P2 lane result capture","FDCE=2;LUT5=1;LUT6=4"
194,0.247,5.000,4.750,1.085,3.665,0.772,5,"p2_lane_compute_q_reg/C","lane_result_q_reg[3][23]/D","P2 lane result capture","FDCE=2;LUT5=1;LUT6=4"
195,0.247,5.000,4.750,1.085,3.665,0.772,5,"p2_lane_compute_q_reg/C","lane_result_q_reg[3][24]/D","P2 lane result capture","FDCE=2;LUT5=1;LUT6=4"
196,0.247,5.000,4.750,1.085,3.665,0.772,5,"p2_lane_compute_q_reg/C","lane_result_q_reg[3][25]/D","P2 lane result capture","FDCE=2;LUT5=1;LUT6=4"
197,0.247,5.000,4.750,1.085,3.665,0.772,5,"p2_lane_compute_q_reg/C","lane_result_q_reg[3][26]/D","P2 lane result capture","FDCE=2;LUT5=1;LUT6=4"
198,0.247,5.000,4.750,1.085,3.665,0.772,5,"p2_lane_compute_q_reg/C","lane_result_q_reg[3][27]/D","P2 lane result capture","FDCE=2;LUT5=1;LUT6=4"
199,0.247,5.000,4.750,1.085,3.665,0.772,5,"p2_lane_compute_q_reg/C","lane_result_q_reg[3][28]/D","P2 lane result capture","FDCE=2;LUT5=1;LUT6=4"
200,0.247,5.000,4.750,1.085,3.665,0.772,5,"p2_lane_compute_q_reg/C","lane_result_q_reg[3][29]/D","P2 lane result capture","FDCE=2;LUT5=1;LUT6=4"
