rank,path_class,startpoint,endpoint,slack_ns,data_delay_ns,logic_delay_ns,route_delay_ns,route_ratio_pct,logic_levels,main_cells,notes
1,"P3 HMATCH best compare/update","hsim_total_q_reg[0]/C","hmatch_best_dist_q_reg[0]/CE",-0.827,6.330,3.206,3.124,49.35,9,"CARRY4=5;FDCE=2;LUT3=2;LUT4=1;LUT6=1","CE endpoint"
2,"P3 HMATCH best compare/update","hsim_total_q_reg[0]/C","hmatch_best_dist_q_reg[10]/CE",-0.827,6.330,3.206,3.124,49.35,9,"CARRY4=5;FDCE=2;LUT3=2;LUT4=1;LUT6=1","CE endpoint"
3,"P3 HMATCH best compare/update","hsim_total_q_reg[0]/C","hmatch_best_dist_q_reg[1]/CE",-0.827,6.330,3.206,3.124,49.35,9,"CARRY4=5;FDCE=2;LUT3=2;LUT4=1;LUT6=1","CE endpoint"
4,"P3 HMATCH best compare/update","hsim_total_q_reg[0]/C","hmatch_best_dist_q_reg[2]/CE",-0.827,6.330,3.206,3.124,49.35,9,"CARRY4=5;FDCE=2;LUT3=2;LUT4=1;LUT6=1","CE endpoint"
5,"P3 HMATCH best compare/update","hsim_total_q_reg[0]/C","hmatch_best_dist_q_reg[3]/CE",-0.827,6.330,3.206,3.124,49.35,9,"CARRY4=5;FDCE=2;LUT3=2;LUT4=1;LUT6=1","CE endpoint"
6,"P3 HMATCH best compare/update","hsim_total_q_reg[0]/C","hmatch_best_dist_q_reg[4]/CE",-0.827,6.330,3.206,3.124,49.35,9,"CARRY4=5;FDCE=2;LUT3=2;LUT4=1;LUT6=1","CE endpoint"
7,"P3 HMATCH best compare/update","hsim_total_q_reg[0]/C","hmatch_best_dist_q_reg[5]/CE",-0.827,6.330,3.206,3.124,49.35,9,"CARRY4=5;FDCE=2;LUT3=2;LUT4=1;LUT6=1","CE endpoint"
8,"P3 HMATCH best compare/update","hsim_total_q_reg[0]/C","hmatch_best_dist_q_reg[6]/CE",-0.827,6.330,3.206,3.124,49.35,9,"CARRY4=5;FDCE=2;LUT3=2;LUT4=1;LUT6=1","CE endpoint"
9,"P3 HMATCH best compare/update","hsim_total_q_reg[0]/C","hmatch_best_dist_q_reg[7]/CE",-0.827,6.330,3.206,3.124,49.35,9,"CARRY4=5;FDCE=2;LUT3=2;LUT4=1;LUT6=1","CE endpoint"
10,"P3 HMATCH best compare/update","hsim_total_q_reg[0]/C","hmatch_best_dist_q_reg[8]/CE",-0.827,6.330,3.206,3.124,49.35,9,"CARRY4=5;FDCE=2;LUT3=2;LUT4=1;LUT6=1","CE endpoint"
11,"P3 HMATCH best compare/update","hsim_total_q_reg[0]/C","hmatch_best_dist_q_reg[9]/CE",-0.827,6.330,3.206,3.124,49.35,9,"CARRY4=5;FDCE=2;LUT3=2;LUT4=1;LUT6=1","CE endpoint"
12,"P3 HMATCH best compare/update","hsim_total_q_reg[0]/C","hmatch_best_idx_q_reg[0]/CE",-0.827,6.330,3.206,3.124,49.35,9,"CARRY4=5;FDCE=2;LUT3=2;LUT4=1;LUT6=1","CE endpoint"
13,"P3 HMATCH best compare/update","hsim_total_q_reg[0]/C","hmatch_best_idx_q_reg[1]/CE",-0.827,6.330,3.206,3.124,49.35,9,"CARRY4=5;FDCE=2;LUT3=2;LUT4=1;LUT6=1","CE endpoint"
14,"P3 HMATCH best compare/update","hsim_total_q_reg[0]/C","hmatch_best_idx_q_reg[2]/CE",-0.827,6.330,3.206,3.124,49.35,9,"CARRY4=5;FDCE=2;LUT3=2;LUT4=1;LUT6=1","CE endpoint"
15,"P3 HMATCH best compare/update","hsim_total_q_reg[0]/C","hmatch_best_idx_q_reg[3]/CE",-0.827,6.330,3.206,3.124,49.35,9,"CARRY4=5;FDCE=2;LUT3=2;LUT4=1;LUT6=1","CE endpoint"
16,"P3 HMATCH best compare/update","hsim_total_q_reg[0]/C","hmatch_best_idx_q_reg[4]/CE",-0.827,6.330,3.206,3.124,49.35,9,"CARRY4=5;FDCE=2;LUT3=2;LUT4=1;LUT6=1","CE endpoint"
17,"P3 HMATCH best compare/update","hsim_total_q_reg[0]/C","hmatch_best_idx_q_reg[5]/CE",-0.827,6.330,3.206,3.124,49.35,9,"CARRY4=5;FDCE=2;LUT3=2;LUT4=1;LUT6=1","CE endpoint"
18,"P3 HMATCH best compare/update","hsim_total_q_reg[0]/C","hmatch_best_idx_q_reg[6]/CE",-0.827,6.330,3.206,3.124,49.35,9,"CARRY4=5;FDCE=2;LUT3=2;LUT4=1;LUT6=1","CE endpoint"
19,"P3 HMATCH best compare/update","hsim_total_q_reg[0]/C","hmatch_best_idx_q_reg[7]/CE",-0.827,6.330,3.206,3.124,49.35,9,"CARRY4=5;FDCE=2;LUT3=2;LUT4=1;LUT6=1","CE endpoint"
20,"P2 lane capture","FSM_onehot_st_q_reg[6]/C","lane_popcnt_q_reg[0][4]/D",-0.744,6.455,1.295,5.160,79.94,7,"FDCE=2;LUT5=3;LUT6=4","D endpoint"
21,"P2 lane capture","FSM_onehot_st_q_reg[6]/C","lane_popcnt_q_reg[0][5]/D",-0.744,6.455,1.295,5.160,79.94,7,"FDCE=2;LUT5=2;LUT6=5","D endpoint"
22,"P2 lane capture","FSM_onehot_st_q_reg[6]/C","lane_popcnt_q_reg[0][6]/D",-0.744,6.455,1.295,5.160,79.94,7,"FDCE=2;LUT5=2;LUT6=5","D endpoint"
23,"P2 lane capture","FSM_onehot_st_q_reg[6]/C","lane_popcnt_q_reg[1][4]/D",-0.744,6.455,1.295,5.160,79.94,7,"FDCE=2;LUT5=3;LUT6=4","D endpoint"
24,"P2 lane capture","FSM_onehot_st_q_reg[6]/C","lane_popcnt_q_reg[1][5]/D",-0.744,6.455,1.295,5.160,79.94,7,"FDCE=2;LUT5=2;LUT6=5","D endpoint"
25,"P2 lane capture","FSM_onehot_st_q_reg[6]/C","lane_popcnt_q_reg[1][6]/D",-0.744,6.455,1.295,5.160,79.94,7,"FDCE=2;LUT5=2;LUT6=5","D endpoint"
26,"P2 lane capture","FSM_onehot_st_q_reg[6]/C","lane_popcnt_q_reg[2][4]/D",-0.744,6.455,1.295,5.160,79.94,7,"FDCE=2;LUT5=3;LUT6=4","D endpoint"
27,"P2 lane capture","FSM_onehot_st_q_reg[6]/C","lane_popcnt_q_reg[2][5]/D",-0.744,6.455,1.295,5.160,79.94,7,"FDCE=2;LUT5=2;LUT6=5","D endpoint"
28,"P2 lane capture","FSM_onehot_st_q_reg[6]/C","lane_popcnt_q_reg[2][6]/D",-0.744,6.455,1.295,5.160,79.94,7,"FDCE=2;LUT5=2;LUT6=5","D endpoint"
29,"P2 lane capture","FSM_onehot_st_q_reg[6]/C","lane_popcnt_q_reg[3][4]/D",-0.744,6.455,1.295,5.160,79.94,7,"FDCE=2;LUT5=3;LUT6=4","D endpoint"
30,"P2 lane capture","FSM_onehot_st_q_reg[6]/C","lane_popcnt_q_reg[3][5]/D",-0.744,6.455,1.295,5.160,79.94,7,"FDCE=2;LUT5=2;LUT6=5","D endpoint"
31,"P2 lane capture","FSM_onehot_st_q_reg[6]/C","lane_popcnt_q_reg[3][6]/D",-0.744,6.455,1.295,5.160,79.94,7,"FDCE=2;LUT5=2;LUT6=5","D endpoint"
32,"P2 lane capture","FSM_onehot_st_q_reg[6]/C","lane_popcnt_q_reg[0][3]/D",-0.165,5.876,1.308,4.568,77.74,7,"FDCE=2;LUT3=1;LUT5=4;LUT6=2","D endpoint"
33,"P2 lane capture","FSM_onehot_st_q_reg[6]/C","lane_popcnt_q_reg[1][3]/D",-0.165,5.876,1.308,4.568,77.74,7,"FDCE=2;LUT3=1;LUT5=4;LUT6=2","D endpoint"
34,"P2 lane capture","FSM_onehot_st_q_reg[6]/C","lane_popcnt_q_reg[2][3]/D",-0.165,5.876,1.308,4.568,77.74,7,"FDCE=2;LUT3=1;LUT5=4;LUT6=2","D endpoint"
35,"P2 lane capture","FSM_onehot_st_q_reg[6]/C","lane_popcnt_q_reg[3][3]/D",-0.165,5.876,1.308,4.568,77.74,7,"FDCE=2;LUT3=1;LUT5=4;LUT6=2","D endpoint"
36,"P2 lane capture","FSM_onehot_st_q_reg[6]/C","lane_popcnt_q_reg[0][2]/D",0.110,5.601,1.190,4.411,78.75,6,"FDCE=2;LUT4=1;LUT5=3;LUT6=2","D endpoint"
37,"P2 lane capture","FSM_onehot_st_q_reg[6]/C","lane_popcnt_q_reg[1][2]/D",0.110,5.601,1.190,4.411,78.75,6,"FDCE=2;LUT4=1;LUT5=3;LUT6=2","D endpoint"
38,"P2 lane capture","FSM_onehot_st_q_reg[6]/C","lane_popcnt_q_reg[2][2]/D",0.110,5.601,1.190,4.411,78.75,6,"FDCE=2;LUT4=1;LUT5=3;LUT6=2","D endpoint"
39,"P2 lane capture","FSM_onehot_st_q_reg[6]/C","lane_popcnt_q_reg[3][2]/D",0.110,5.601,1.190,4.411,78.75,6,"FDCE=2;LUT4=1;LUT5=3;LUT6=2","D endpoint"
40,"P2 lane capture","uop_p2_q_reg[use_popcount]_rep/C","lane_popcnt_q_reg[0][1]/D",0.447,5.264,1.105,4.159,79.01,5,"FDCE=2;LUT4=1;LUT5=1;LUT6=3","D endpoint"
41,"P2 lane capture","uop_p2_q_reg[use_popcount]_rep/C","lane_popcnt_q_reg[1][1]/D",0.447,5.264,1.105,4.159,79.01,5,"FDCE=2;LUT4=1;LUT5=1;LUT6=3","D endpoint"
42,"P2 lane capture","uop_p2_q_reg[use_popcount]_rep/C","lane_popcnt_q_reg[2][1]/D",0.447,5.264,1.105,4.159,79.01,5,"FDCE=2;LUT4=1;LUT5=1;LUT6=3","D endpoint"
43,"P2 lane capture","uop_p2_q_reg[use_popcount]_rep/C","lane_popcnt_q_reg[3][1]/D",0.447,5.264,1.105,4.159,79.01,5,"FDCE=2;LUT4=1;LUT5=1;LUT6=3","D endpoint"
44,"P1 VRF read/capture","FSM_onehot_st_q_reg[7]_rep__4/C","i_vrf/bank_ra_data_o_reg[0][0]/D",0.568,5.143,1.085,4.058,78.90,5,"FDCE=2;LUT5=3;LUT6=1;RAMD64E=1","D endpoint"
45,"P1 VRF read/capture","FSM_onehot_st_q_reg[7]_rep__4/C","i_vrf/bank_ra_data_o_reg[0][10]/D",0.568,5.143,1.085,4.058,78.90,5,"FDCE=2;LUT5=3;LUT6=1;RAMD64E=1","D endpoint"
46,"P1 VRF read/capture","FSM_onehot_st_q_reg[7]_rep__4/C","i_vrf/bank_ra_data_o_reg[0][11]/D",0.568,5.143,1.085,4.058,78.90,5,"FDCE=2;LUT5=3;LUT6=1;RAMD64E=1","D endpoint"
47,"P1 VRF read/capture","FSM_onehot_st_q_reg[7]_rep__4/C","i_vrf/bank_ra_data_o_reg[0][12]/D",0.568,5.143,1.085,4.058,78.90,5,"FDCE=2;LUT5=3;LUT6=1;RAMD64E=1","D endpoint"
48,"P1 VRF read/capture","FSM_onehot_st_q_reg[7]_rep__4/C","i_vrf/bank_ra_data_o_reg[0][13]/D",0.568,5.143,1.085,4.058,78.90,5,"FDCE=2;LUT5=3;LUT6=1;RAMD64E=1","D endpoint"
49,"P1 VRF read/capture","FSM_onehot_st_q_reg[7]_rep__4/C","i_vrf/bank_ra_data_o_reg[0][14]/D",0.568,5.143,1.085,4.058,78.90,5,"FDCE=2;LUT5=3;LUT6=1;RAMD64E=1","D endpoint"
50,"P1 VRF read/capture","FSM_onehot_st_q_reg[7]_rep__4/C","i_vrf/bank_ra_data_o_reg[0][15]/D",0.568,5.143,1.085,4.058,78.90,5,"FDCE=2;LUT5=3;LUT6=1;RAMD64E=1","D endpoint"
51,"P1 VRF read/capture","FSM_onehot_st_q_reg[7]_rep__4/C","i_vrf/bank_ra_data_o_reg[0][16]/D",0.568,5.143,1.085,4.058,78.90,5,"FDCE=2;LUT5=3;LUT6=1;RAMD64E=1","D endpoint"
52,"P1 VRF read/capture","FSM_onehot_st_q_reg[7]_rep__4/C","i_vrf/bank_ra_data_o_reg[0][17]/D",0.568,5.143,1.085,4.058,78.90,5,"FDCE=2;LUT5=3;LUT6=1;RAMD64E=1","D endpoint"
53,"P1 VRF read/capture","FSM_onehot_st_q_reg[7]_rep__4/C","i_vrf/bank_ra_data_o_reg[0][18]/D",0.568,5.143,1.085,4.058,78.90,5,"FDCE=2;LUT5=3;LUT6=1;RAMD64E=1","D endpoint"
54,"P1 VRF read/capture","FSM_onehot_st_q_reg[7]_rep__4/C","i_vrf/bank_ra_data_o_reg[0][19]/D",0.568,5.143,1.085,4.058,78.90,5,"FDCE=2;LUT5=3;LUT6=1;RAMD64E=1","D endpoint"
55,"P1 VRF read/capture","FSM_onehot_st_q_reg[7]_rep__4/C","i_vrf/bank_ra_data_o_reg[0][1]/D",0.568,5.143,1.085,4.058,78.90,5,"FDCE=2;LUT5=3;LUT6=1;RAMD64E=1","D endpoint"
56,"P1 VRF read/capture","FSM_onehot_st_q_reg[7]_rep__4/C","i_vrf/bank_ra_data_o_reg[0][20]/D",0.568,5.143,1.085,4.058,78.90,5,"FDCE=2;LUT5=3;LUT6=1;RAMD64E=1","D endpoint"
57,"P1 VRF read/capture","FSM_onehot_st_q_reg[7]_rep__4/C","i_vrf/bank_ra_data_o_reg[0][21]/D",0.568,5.143,1.085,4.058,78.90,5,"FDCE=2;LUT5=3;LUT6=1;RAMD64E=1","D endpoint"
58,"P1 VRF read/capture","FSM_onehot_st_q_reg[7]_rep__4/C","i_vrf/bank_ra_data_o_reg[0][22]/D",0.568,5.143,1.085,4.058,78.90,5,"FDCE=2;LUT5=3;LUT6=1;RAMD64E=1","D endpoint"
59,"P1 VRF read/capture","FSM_onehot_st_q_reg[7]_rep__4/C","i_vrf/bank_ra_data_o_reg[0][23]/D",0.568,5.143,1.085,4.058,78.90,5,"FDCE=2;LUT5=3;LUT6=1;RAMD64E=1","D endpoint"
60,"P1 VRF read/capture","FSM_onehot_st_q_reg[7]_rep__4/C","i_vrf/bank_ra_data_o_reg[0][24]/D",0.568,5.143,1.085,4.058,78.90,5,"FDCE=2;LUT5=3;LUT6=1;RAMD64E=1","D endpoint"
61,"P1 VRF read/capture","FSM_onehot_st_q_reg[7]_rep__4/C","i_vrf/bank_ra_data_o_reg[0][25]/D",0.568,5.143,1.085,4.058,78.90,5,"FDCE=2;LUT5=3;LUT6=1;RAMD64E=1","D endpoint"
62,"P1 VRF read/capture","FSM_onehot_st_q_reg[7]_rep__4/C","i_vrf/bank_ra_data_o_reg[0][26]/D",0.568,5.143,1.085,4.058,78.90,5,"FDCE=2;LUT5=3;LUT6=1;RAMD64E=1","D endpoint"
63,"P1 VRF read/capture","FSM_onehot_st_q_reg[7]_rep__4/C","i_vrf/bank_ra_data_o_reg[0][27]/D",0.568,5.143,1.085,4.058,78.90,5,"FDCE=2;LUT5=3;LUT6=1;RAMD64E=1","D endpoint"
64,"P1 VRF read/capture","FSM_onehot_st_q_reg[7]_rep__4/C","i_vrf/bank_ra_data_o_reg[0][28]/D",0.568,5.143,1.085,4.058,78.90,5,"FDCE=2;LUT5=3;LUT6=1;RAMD64E=1","D endpoint"
65,"P1 VRF read/capture","FSM_onehot_st_q_reg[7]_rep__4/C","i_vrf/bank_ra_data_o_reg[0][29]/D",0.568,5.143,1.085,4.058,78.90,5,"FDCE=2;LUT5=3;LUT6=1;RAMD64E=1","D endpoint"
66,"P1 VRF read/capture","FSM_onehot_st_q_reg[7]_rep__4/C","i_vrf/bank_ra_data_o_reg[0][2]/D",0.568,5.143,1.085,4.058,78.90,5,"FDCE=2;LUT5=3;LUT6=1;RAMD64E=1","D endpoint"
67,"P1 VRF read/capture","FSM_onehot_st_q_reg[7]_rep__4/C","i_vrf/bank_ra_data_o_reg[0][30]/D",0.568,5.143,1.085,4.058,78.90,5,"FDCE=2;LUT5=3;LUT6=1;RAMD64E=1","D endpoint"
68,"P1 VRF read/capture","FSM_onehot_st_q_reg[7]_rep__4/C","i_vrf/bank_ra_data_o_reg[0][31]/D",0.568,5.143,1.085,4.058,78.90,5,"FDCE=2;LUT5=3;LUT6=1;RAMD64E=1","D endpoint"
69,"P1 VRF read/capture","FSM_onehot_st_q_reg[7]_rep__4/C","i_vrf/bank_ra_data_o_reg[0][32]/D",0.568,5.143,1.085,4.058,78.90,5,"FDCE=2;LUT5=3;LUT6=1;RAMD64E=1","D endpoint"
70,"P1 VRF read/capture","FSM_onehot_st_q_reg[7]_rep__4/C","i_vrf/bank_ra_data_o_reg[0][33]/D",0.568,5.143,1.085,4.058,78.90,5,"FDCE=2;LUT5=3;LUT6=1;RAMD64E=1","D endpoint"
71,"P1 VRF read/capture","FSM_onehot_st_q_reg[7]_rep__4/C","i_vrf/bank_ra_data_o_reg[0][34]/D",0.568,5.143,1.085,4.058,78.90,5,"FDCE=2;LUT5=3;LUT6=1;RAMD64E=1","D endpoint"
72,"P1 VRF read/capture","FSM_onehot_st_q_reg[7]_rep__4/C","i_vrf/bank_ra_data_o_reg[0][35]/D",0.568,5.143,1.085,4.058,78.90,5,"FDCE=2;LUT5=3;LUT6=1;RAMD64E=1","D endpoint"
73,"P1 VRF read/capture","FSM_onehot_st_q_reg[7]_rep__4/C","i_vrf/bank_ra_data_o_reg[0][36]/D",0.568,5.143,1.085,4.058,78.90,5,"FDCE=2;LUT5=3;LUT6=1;RAMD64E=1","D endpoint"
74,"P1 VRF read/capture","FSM_onehot_st_q_reg[7]_rep__4/C","i_vrf/bank_ra_data_o_reg[0][37]/D",0.568,5.143,1.085,4.058,78.90,5,"FDCE=2;LUT5=3;LUT6=1;RAMD64E=1","D endpoint"
75,"P1 VRF read/capture","FSM_onehot_st_q_reg[7]_rep__4/C","i_vrf/bank_ra_data_o_reg[0][38]/D",0.568,5.143,1.085,4.058,78.90,5,"FDCE=2;LUT5=3;LUT6=1;RAMD64E=1","D endpoint"
76,"P1 VRF read/capture","FSM_onehot_st_q_reg[7]_rep__4/C","i_vrf/bank_ra_data_o_reg[0][39]/D",0.568,5.143,1.085,4.058,78.90,5,"FDCE=2;LUT5=3;LUT6=1;RAMD64E=1","D endpoint"
77,"P1 VRF read/capture","FSM_onehot_st_q_reg[7]_rep__4/C","i_vrf/bank_ra_data_o_reg[0][3]/D",0.568,5.143,1.085,4.058,78.90,5,"FDCE=2;LUT5=3;LUT6=1;RAMD64E=1","D endpoint"
78,"P1 VRF read/capture","FSM_onehot_st_q_reg[7]_rep__4/C","i_vrf/bank_ra_data_o_reg[0][40]/D",0.568,5.143,1.085,4.058,78.90,5,"FDCE=2;LUT5=3;LUT6=1;RAMD64E=1","D endpoint"
79,"P1 VRF read/capture","FSM_onehot_st_q_reg[7]_rep__4/C","i_vrf/bank_ra_data_o_reg[0][41]/D",0.568,5.143,1.085,4.058,78.90,5,"FDCE=2;LUT5=3;LUT6=1;RAMD64E=1","D endpoint"
80,"P1 VRF read/capture","FSM_onehot_st_q_reg[7]_rep__4/C","i_vrf/bank_ra_data_o_reg[0][42]/D",0.568,5.143,1.085,4.058,78.90,5,"FDCE=2;LUT5=3;LUT6=1;RAMD64E=1","D endpoint"
81,"P1 VRF read/capture","FSM_onehot_st_q_reg[7]_rep__4/C","i_vrf/bank_ra_data_o_reg[0][43]/D",0.568,5.143,1.085,4.058,78.90,5,"FDCE=2;LUT5=3;LUT6=1;RAMD64E=1","D endpoint"
82,"P1 VRF read/capture","FSM_onehot_st_q_reg[7]_rep__4/C","i_vrf/bank_ra_data_o_reg[0][44]/D",0.568,5.143,1.085,4.058,78.90,5,"FDCE=2;LUT5=3;LUT6=1;RAMD64E=1","D endpoint"
83,"P1 VRF read/capture","FSM_onehot_st_q_reg[7]_rep__4/C","i_vrf/bank_ra_data_o_reg[0][45]/D",0.568,5.143,1.085,4.058,78.90,5,"FDCE=2;LUT5=3;LUT6=1;RAMD64E=1","D endpoint"
84,"P1 VRF read/capture","FSM_onehot_st_q_reg[7]_rep__4/C","i_vrf/bank_ra_data_o_reg[0][46]/D",0.568,5.143,1.085,4.058,78.90,5,"FDCE=2;LUT5=3;LUT6=1;RAMD64E=1","D endpoint"
85,"P1 VRF read/capture","FSM_onehot_st_q_reg[7]_rep__4/C","i_vrf/bank_ra_data_o_reg[0][47]/D",0.568,5.143,1.085,4.058,78.90,5,"FDCE=2;LUT5=3;LUT6=1;RAMD64E=1","D endpoint"
86,"P1 VRF read/capture","FSM_onehot_st_q_reg[7]_rep__4/C","i_vrf/bank_ra_data_o_reg[0][48]/D",0.568,5.143,1.085,4.058,78.90,5,"FDCE=2;LUT5=3;LUT6=1;RAMD64E=1","D endpoint"
87,"P1 VRF read/capture","FSM_onehot_st_q_reg[7]_rep__4/C","i_vrf/bank_ra_data_o_reg[0][49]/D",0.568,5.143,1.085,4.058,78.90,5,"FDCE=2;LUT5=3;LUT6=1;RAMD64E=1","D endpoint"
88,"P1 VRF read/capture","FSM_onehot_st_q_reg[7]_rep__4/C","i_vrf/bank_ra_data_o_reg[0][4]/D",0.568,5.143,1.085,4.058,78.90,5,"FDCE=2;LUT5=3;LUT6=1;RAMD64E=1","D endpoint"
89,"P1 VRF read/capture","FSM_onehot_st_q_reg[7]_rep__4/C","i_vrf/bank_ra_data_o_reg[0][50]/D",0.568,5.143,1.085,4.058,78.90,5,"FDCE=2;LUT5=3;LUT6=1;RAMD64E=1","D endpoint"
90,"P1 VRF read/capture","FSM_onehot_st_q_reg[7]_rep__4/C","i_vrf/bank_ra_data_o_reg[0][51]/D",0.568,5.143,1.085,4.058,78.90,5,"FDCE=2;LUT5=3;LUT6=1;RAMD64E=1","D endpoint"
91,"P1 VRF read/capture","FSM_onehot_st_q_reg[7]_rep__4/C","i_vrf/bank_ra_data_o_reg[0][52]/D",0.568,5.143,1.085,4.058,78.90,5,"FDCE=2;LUT5=3;LUT6=1;RAMD64E=1","D endpoint"
92,"P1 VRF read/capture","FSM_onehot_st_q_reg[7]_rep__4/C","i_vrf/bank_ra_data_o_reg[0][53]/D",0.568,5.143,1.085,4.058,78.90,5,"FDCE=2;LUT5=3;LUT6=1;RAMD64E=1","D endpoint"
93,"P1 VRF read/capture","FSM_onehot_st_q_reg[7]_rep__4/C","i_vrf/bank_ra_data_o_reg[0][54]/D",0.568,5.143,1.085,4.058,78.90,5,"FDCE=2;LUT5=3;LUT6=1;RAMD64E=1","D endpoint"
94,"P1 VRF read/capture","FSM_onehot_st_q_reg[7]_rep__4/C","i_vrf/bank_ra_data_o_reg[0][55]/D",0.568,5.143,1.085,4.058,78.90,5,"FDCE=2;LUT5=3;LUT6=1;RAMD64E=1","D endpoint"
95,"P1 VRF read/capture","FSM_onehot_st_q_reg[7]_rep__4/C","i_vrf/bank_ra_data_o_reg[0][56]/D",0.568,5.143,1.085,4.058,78.90,5,"FDCE=2;LUT5=3;LUT6=1;RAMD64E=1","D endpoint"
96,"P1 VRF read/capture","FSM_onehot_st_q_reg[7]_rep__4/C","i_vrf/bank_ra_data_o_reg[0][57]/D",0.568,5.143,1.085,4.058,78.90,5,"FDCE=2;LUT5=3;LUT6=1;RAMD64E=1","D endpoint"
97,"P1 VRF read/capture","FSM_onehot_st_q_reg[7]_rep__4/C","i_vrf/bank_ra_data_o_reg[0][58]/D",0.568,5.143,1.085,4.058,78.90,5,"FDCE=2;LUT5=3;LUT6=1;RAMD64E=1","D endpoint"
98,"P1 VRF read/capture","FSM_onehot_st_q_reg[7]_rep__4/C","i_vrf/bank_ra_data_o_reg[0][59]/D",0.568,5.143,1.085,4.058,78.90,5,"FDCE=2;LUT5=3;LUT6=1;RAMD64E=1","D endpoint"
99,"P1 VRF read/capture","FSM_onehot_st_q_reg[7]_rep__4/C","i_vrf/bank_ra_data_o_reg[0][5]/D",0.568,5.143,1.085,4.058,78.90,5,"FDCE=2;LUT5=3;LUT6=1;RAMD64E=1","D endpoint"
100,"P1 VRF read/capture","FSM_onehot_st_q_reg[7]_rep__4/C","i_vrf/bank_ra_data_o_reg[0][60]/D",0.568,5.143,1.085,4.058,78.90,5,"FDCE=2;LUT5=3;LUT6=1;RAMD64E=1","D endpoint"
101,"P1 VRF read/capture","FSM_onehot_st_q_reg[7]_rep__4/C","i_vrf/bank_ra_data_o_reg[0][61]/D",0.568,5.143,1.085,4.058,78.90,5,"FDCE=2;LUT5=3;LUT6=1;RAMD64E=1","D endpoint"
102,"P1 VRF read/capture","FSM_onehot_st_q_reg[7]_rep__4/C","i_vrf/bank_ra_data_o_reg[0][62]/D",0.568,5.143,1.085,4.058,78.90,5,"FDCE=2;LUT5=3;LUT6=1;RAMD64E=1","D endpoint"
103,"P1 VRF read/capture","FSM_onehot_st_q_reg[7]_rep__4/C","i_vrf/bank_ra_data_o_reg[0][63]/D",0.568,5.143,1.085,4.058,78.90,5,"FDCE=2;LUT5=3;LUT6=1;RAMD64E=1","D endpoint"
104,"P1 VRF read/capture","FSM_onehot_st_q_reg[7]_rep__4/C","i_vrf/bank_ra_data_o_reg[0][6]/D",0.568,5.143,1.085,4.058,78.90,5,"FDCE=2;LUT5=3;LUT6=1;RAMD64E=1","D endpoint"
105,"P1 VRF read/capture","FSM_onehot_st_q_reg[7]_rep__4/C","i_vrf/bank_ra_data_o_reg[0][7]/D",0.568,5.143,1.085,4.058,78.90,5,"FDCE=2;LUT5=3;LUT6=1;RAMD64E=1","D endpoint"
106,"P1 VRF read/capture","FSM_onehot_st_q_reg[7]_rep__4/C","i_vrf/bank_ra_data_o_reg[0][8]/D",0.568,5.143,1.085,4.058,78.90,5,"FDCE=2;LUT5=3;LUT6=1;RAMD64E=1","D endpoint"
107,"P1 VRF read/capture","FSM_onehot_st_q_reg[7]_rep__4/C","i_vrf/bank_ra_data_o_reg[0][9]/D",0.568,5.143,1.085,4.058,78.90,5,"FDCE=2;LUT5=3;LUT6=1;RAMD64E=1","D endpoint"
108,"P1 VRF read/capture","FSM_onehot_st_q_reg[7]_rep__4/C","i_vrf/bank_ra_data_o_reg[1][0]/D",0.568,5.143,1.085,4.058,78.90,5,"FDCE=2;LUT5=3;LUT6=1;RAMD64E=1","D endpoint"
109,"P1 VRF read/capture","FSM_onehot_st_q_reg[7]_rep__4/C","i_vrf/bank_ra_data_o_reg[1][10]/D",0.568,5.143,1.085,4.058,78.90,5,"FDCE=2;LUT5=3;LUT6=1;RAMD64E=1","D endpoint"
110,"P1 VRF read/capture","FSM_onehot_st_q_reg[7]_rep__4/C","i_vrf/bank_ra_data_o_reg[1][11]/D",0.568,5.143,1.085,4.058,78.90,5,"FDCE=2;LUT5=3;LUT6=1;RAMD64E=1","D endpoint"
111,"P1 VRF read/capture","FSM_onehot_st_q_reg[7]_rep__4/C","i_vrf/bank_ra_data_o_reg[1][12]/D",0.568,5.143,1.085,4.058,78.90,5,"FDCE=2;LUT5=3;LUT6=1;RAMD64E=1","D endpoint"
112,"P1 VRF read/capture","FSM_onehot_st_q_reg[7]_rep__4/C","i_vrf/bank_ra_data_o_reg[1][13]/D",0.568,5.143,1.085,4.058,78.90,5,"FDCE=2;LUT5=3;LUT6=1;RAMD64E=1","D endpoint"
113,"P1 VRF read/capture","FSM_onehot_st_q_reg[7]_rep__4/C","i_vrf/bank_ra_data_o_reg[1][14]/D",0.568,5.143,1.085,4.058,78.90,5,"FDCE=2;LUT5=3;LUT6=1;RAMD64E=1","D endpoint"
114,"P1 VRF read/capture","FSM_onehot_st_q_reg[7]_rep__4/C","i_vrf/bank_ra_data_o_reg[1][15]/D",0.568,5.143,1.085,4.058,78.90,5,"FDCE=2;LUT5=3;LUT6=1;RAMD64E=1","D endpoint"
115,"P1 VRF read/capture","FSM_onehot_st_q_reg[7]_rep__4/C","i_vrf/bank_ra_data_o_reg[1][16]/D",0.568,5.143,1.085,4.058,78.90,5,"FDCE=2;LUT5=3;LUT6=1;RAMD64E=1","D endpoint"
116,"P1 VRF read/capture","FSM_onehot_st_q_reg[7]_rep__4/C","i_vrf/bank_ra_data_o_reg[1][17]/D",0.568,5.143,1.085,4.058,78.90,5,"FDCE=2;LUT5=3;LUT6=1;RAMD64E=1","D endpoint"
117,"P1 VRF read/capture","FSM_onehot_st_q_reg[7]_rep__4/C","i_vrf/bank_ra_data_o_reg[1][18]/D",0.568,5.143,1.085,4.058,78.90,5,"FDCE=2;LUT5=3;LUT6=1;RAMD64E=1","D endpoint"
118,"P1 VRF read/capture","FSM_onehot_st_q_reg[7]_rep__4/C","i_vrf/bank_ra_data_o_reg[1][19]/D",0.568,5.143,1.085,4.058,78.90,5,"FDCE=2;LUT5=3;LUT6=1;RAMD64E=1","D endpoint"
119,"P1 VRF read/capture","FSM_onehot_st_q_reg[7]_rep__4/C","i_vrf/bank_ra_data_o_reg[1][1]/D",0.568,5.143,1.085,4.058,78.90,5,"FDCE=2;LUT5=3;LUT6=1;RAMD64E=1","D endpoint"
120,"P1 VRF read/capture","FSM_onehot_st_q_reg[7]_rep__4/C","i_vrf/bank_ra_data_o_reg[1][20]/D",0.568,5.143,1.085,4.058,78.90,5,"FDCE=2;LUT5=3;LUT6=1;RAMD64E=1","D endpoint"
121,"P1 VRF read/capture","FSM_onehot_st_q_reg[7]_rep__4/C","i_vrf/bank_ra_data_o_reg[1][21]/D",0.568,5.143,1.085,4.058,78.90,5,"FDCE=2;LUT5=3;LUT6=1;RAMD64E=1","D endpoint"
122,"P1 VRF read/capture","FSM_onehot_st_q_reg[7]_rep__4/C","i_vrf/bank_ra_data_o_reg[1][22]/D",0.568,5.143,1.085,4.058,78.90,5,"FDCE=2;LUT5=3;LUT6=1;RAMD64E=1","D endpoint"
123,"P1 VRF read/capture","FSM_onehot_st_q_reg[7]_rep__4/C","i_vrf/bank_ra_data_o_reg[1][23]/D",0.568,5.143,1.085,4.058,78.90,5,"FDCE=2;LUT5=3;LUT6=1;RAMD64E=1","D endpoint"
124,"P1 VRF read/capture","FSM_onehot_st_q_reg[7]_rep__4/C","i_vrf/bank_ra_data_o_reg[1][24]/D",0.568,5.143,1.085,4.058,78.90,5,"FDCE=2;LUT5=3;LUT6=1;RAMD64E=1","D endpoint"
125,"P1 VRF read/capture","FSM_onehot_st_q_reg[7]_rep__4/C","i_vrf/bank_ra_data_o_reg[1][25]/D",0.568,5.143,1.085,4.058,78.90,5,"FDCE=2;LUT5=3;LUT6=1;RAMD64E=1","D endpoint"
126,"P1 VRF read/capture","FSM_onehot_st_q_reg[7]_rep__4/C","i_vrf/bank_ra_data_o_reg[1][26]/D",0.568,5.143,1.085,4.058,78.90,5,"FDCE=2;LUT5=3;LUT6=1;RAMD64E=1","D endpoint"
127,"P1 VRF read/capture","FSM_onehot_st_q_reg[7]_rep__4/C","i_vrf/bank_ra_data_o_reg[1][27]/D",0.568,5.143,1.085,4.058,78.90,5,"FDCE=2;LUT5=3;LUT6=1;RAMD64E=1","D endpoint"
128,"P1 VRF read/capture","FSM_onehot_st_q_reg[7]_rep__4/C","i_vrf/bank_ra_data_o_reg[1][28]/D",0.568,5.143,1.085,4.058,78.90,5,"FDCE=2;LUT5=3;LUT6=1;RAMD64E=1","D endpoint"
129,"P1 VRF read/capture","FSM_onehot_st_q_reg[7]_rep__4/C","i_vrf/bank_ra_data_o_reg[1][29]/D",0.568,5.143,1.085,4.058,78.90,5,"FDCE=2;LUT5=3;LUT6=1;RAMD64E=1","D endpoint"
130,"P1 VRF read/capture","FSM_onehot_st_q_reg[7]_rep__4/C","i_vrf/bank_ra_data_o_reg[1][2]/D",0.568,5.143,1.085,4.058,78.90,5,"FDCE=2;LUT5=3;LUT6=1;RAMD64E=1","D endpoint"
131,"P1 VRF read/capture","FSM_onehot_st_q_reg[7]_rep__4/C","i_vrf/bank_ra_data_o_reg[1][30]/D",0.568,5.143,1.085,4.058,78.90,5,"FDCE=2;LUT5=3;LUT6=1;RAMD64E=1","D endpoint"
132,"P1 VRF read/capture","FSM_onehot_st_q_reg[7]_rep__4/C","i_vrf/bank_ra_data_o_reg[1][31]/D",0.568,5.143,1.085,4.058,78.90,5,"FDCE=2;LUT5=3;LUT6=1;RAMD64E=1","D endpoint"
133,"P1 VRF read/capture","FSM_onehot_st_q_reg[7]_rep__4/C","i_vrf/bank_ra_data_o_reg[1][32]/D",0.568,5.143,1.085,4.058,78.90,5,"FDCE=2;LUT5=3;LUT6=1;RAMD64E=1","D endpoint"
134,"P1 VRF read/capture","FSM_onehot_st_q_reg[7]_rep__4/C","i_vrf/bank_ra_data_o_reg[1][33]/D",0.568,5.143,1.085,4.058,78.90,5,"FDCE=2;LUT5=3;LUT6=1;RAMD64E=1","D endpoint"
135,"P1 VRF read/capture","FSM_onehot_st_q_reg[7]_rep__4/C","i_vrf/bank_ra_data_o_reg[1][34]/D",0.568,5.143,1.085,4.058,78.90,5,"FDCE=2;LUT5=3;LUT6=1;RAMD64E=1","D endpoint"
136,"P1 VRF read/capture","FSM_onehot_st_q_reg[7]_rep__4/C","i_vrf/bank_ra_data_o_reg[1][35]/D",0.568,5.143,1.085,4.058,78.90,5,"FDCE=2;LUT5=3;LUT6=1;RAMD64E=1","D endpoint"
137,"P1 VRF read/capture","FSM_onehot_st_q_reg[7]_rep__4/C","i_vrf/bank_ra_data_o_reg[1][36]/D",0.568,5.143,1.085,4.058,78.90,5,"FDCE=2;LUT5=3;LUT6=1;RAMD64E=1","D endpoint"
138,"P1 VRF read/capture","FSM_onehot_st_q_reg[7]_rep__4/C","i_vrf/bank_ra_data_o_reg[1][37]/D",0.568,5.143,1.085,4.058,78.90,5,"FDCE=2;LUT5=3;LUT6=1;RAMD64E=1","D endpoint"
139,"P1 VRF read/capture","FSM_onehot_st_q_reg[7]_rep__4/C","i_vrf/bank_ra_data_o_reg[1][38]/D",0.568,5.143,1.085,4.058,78.90,5,"FDCE=2;LUT5=3;LUT6=1;RAMD64E=1","D endpoint"
140,"P1 VRF read/capture","FSM_onehot_st_q_reg[7]_rep__4/C","i_vrf/bank_ra_data_o_reg[1][39]/D",0.568,5.143,1.085,4.058,78.90,5,"FDCE=2;LUT5=3;LUT6=1;RAMD64E=1","D endpoint"
141,"P1 VRF read/capture","FSM_onehot_st_q_reg[7]_rep__4/C","i_vrf/bank_ra_data_o_reg[1][3]/D",0.568,5.143,1.085,4.058,78.90,5,"FDCE=2;LUT5=3;LUT6=1;RAMD64E=1","D endpoint"
142,"P1 VRF read/capture","FSM_onehot_st_q_reg[7]_rep__4/C","i_vrf/bank_ra_data_o_reg[1][40]/D",0.568,5.143,1.085,4.058,78.90,5,"FDCE=2;LUT5=3;LUT6=1;RAMD64E=1","D endpoint"
143,"P1 VRF read/capture","FSM_onehot_st_q_reg[7]_rep__4/C","i_vrf/bank_ra_data_o_reg[1][41]/D",0.568,5.143,1.085,4.058,78.90,5,"FDCE=2;LUT5=3;LUT6=1;RAMD64E=1","D endpoint"
144,"P1 VRF read/capture","FSM_onehot_st_q_reg[7]_rep__4/C","i_vrf/bank_ra_data_o_reg[1][42]/D",0.568,5.143,1.085,4.058,78.90,5,"FDCE=2;LUT5=3;LUT6=1;RAMD64E=1","D endpoint"
145,"P1 VRF read/capture","FSM_onehot_st_q_reg[7]_rep__4/C","i_vrf/bank_ra_data_o_reg[1][43]/D",0.568,5.143,1.085,4.058,78.90,5,"FDCE=2;LUT5=3;LUT6=1;RAMD64E=1","D endpoint"
146,"P1 VRF read/capture","FSM_onehot_st_q_reg[7]_rep__4/C","i_vrf/bank_ra_data_o_reg[1][44]/D",0.568,5.143,1.085,4.058,78.90,5,"FDCE=2;LUT5=3;LUT6=1;RAMD64E=1","D endpoint"
147,"P1 VRF read/capture","FSM_onehot_st_q_reg[7]_rep__4/C","i_vrf/bank_ra_data_o_reg[1][45]/D",0.568,5.143,1.085,4.058,78.90,5,"FDCE=2;LUT5=3;LUT6=1;RAMD64E=1","D endpoint"
148,"P1 VRF read/capture","FSM_onehot_st_q_reg[7]_rep__4/C","i_vrf/bank_ra_data_o_reg[1][46]/D",0.568,5.143,1.085,4.058,78.90,5,"FDCE=2;LUT5=3;LUT6=1;RAMD64E=1","D endpoint"
149,"P1 VRF read/capture","FSM_onehot_st_q_reg[7]_rep__4/C","i_vrf/bank_ra_data_o_reg[1][47]/D",0.568,5.143,1.085,4.058,78.90,5,"FDCE=2;LUT5=3;LUT6=1;RAMD64E=1","D endpoint"
150,"P1 VRF read/capture","FSM_onehot_st_q_reg[7]_rep__4/C","i_vrf/bank_ra_data_o_reg[1][48]/D",0.568,5.143,1.085,4.058,78.90,5,"FDCE=2;LUT5=3;LUT6=1;RAMD64E=1","D endpoint"
151,"P1 VRF read/capture","FSM_onehot_st_q_reg[7]_rep__4/C","i_vrf/bank_ra_data_o_reg[1][49]/D",0.568,5.143,1.085,4.058,78.90,5,"FDCE=2;LUT5=3;LUT6=1;RAMD64E=1","D endpoint"
152,"P1 VRF read/capture","FSM_onehot_st_q_reg[7]_rep__4/C","i_vrf/bank_ra_data_o_reg[1][4]/D",0.568,5.143,1.085,4.058,78.90,5,"FDCE=2;LUT5=3;LUT6=1;RAMD64E=1","D endpoint"
153,"P1 VRF read/capture","FSM_onehot_st_q_reg[7]_rep__4/C","i_vrf/bank_ra_data_o_reg[1][50]/D",0.568,5.143,1.085,4.058,78.90,5,"FDCE=2;LUT5=3;LUT6=1;RAMD64E=1","D endpoint"
154,"P1 VRF read/capture","FSM_onehot_st_q_reg[7]_rep__4/C","i_vrf/bank_ra_data_o_reg[1][51]/D",0.568,5.143,1.085,4.058,78.90,5,"FDCE=2;LUT5=3;LUT6=1;RAMD64E=1","D endpoint"
155,"P1 VRF read/capture","FSM_onehot_st_q_reg[7]_rep__4/C","i_vrf/bank_ra_data_o_reg[1][52]/D",0.568,5.143,1.085,4.058,78.90,5,"FDCE=2;LUT5=3;LUT6=1;RAMD64E=1","D endpoint"
156,"P1 VRF read/capture","FSM_onehot_st_q_reg[7]_rep__4/C","i_vrf/bank_ra_data_o_reg[1][53]/D",0.568,5.143,1.085,4.058,78.90,5,"FDCE=2;LUT5=3;LUT6=1;RAMD64E=1","D endpoint"
157,"P1 VRF read/capture","FSM_onehot_st_q_reg[7]_rep__4/C","i_vrf/bank_ra_data_o_reg[1][54]/D",0.568,5.143,1.085,4.058,78.90,5,"FDCE=2;LUT5=3;LUT6=1;RAMD64E=1","D endpoint"
158,"P1 VRF read/capture","FSM_onehot_st_q_reg[7]_rep__4/C","i_vrf/bank_ra_data_o_reg[1][55]/D",0.568,5.143,1.085,4.058,78.90,5,"FDCE=2;LUT5=3;LUT6=1;RAMD64E=1","D endpoint"
159,"P1 VRF read/capture","FSM_onehot_st_q_reg[7]_rep__4/C","i_vrf/bank_ra_data_o_reg[1][56]/D",0.568,5.143,1.085,4.058,78.90,5,"FDCE=2;LUT5=3;LUT6=1;RAMD64E=1","D endpoint"
160,"P1 VRF read/capture","FSM_onehot_st_q_reg[7]_rep__4/C","i_vrf/bank_ra_data_o_reg[1][57]/D",0.568,5.143,1.085,4.058,78.90,5,"FDCE=2;LUT5=3;LUT6=1;RAMD64E=1","D endpoint"
161,"P1 VRF read/capture","FSM_onehot_st_q_reg[7]_rep__4/C","i_vrf/bank_ra_data_o_reg[1][58]/D",0.568,5.143,1.085,4.058,78.90,5,"FDCE=2;LUT5=3;LUT6=1;RAMD64E=1","D endpoint"
162,"P1 VRF read/capture","FSM_onehot_st_q_reg[7]_rep__4/C","i_vrf/bank_ra_data_o_reg[1][59]/D",0.568,5.143,1.085,4.058,78.90,5,"FDCE=2;LUT5=3;LUT6=1;RAMD64E=1","D endpoint"
163,"P1 VRF read/capture","FSM_onehot_st_q_reg[7]_rep__4/C","i_vrf/bank_ra_data_o_reg[1][5]/D",0.568,5.143,1.085,4.058,78.90,5,"FDCE=2;LUT5=3;LUT6=1;RAMD64E=1","D endpoint"
164,"P1 VRF read/capture","FSM_onehot_st_q_reg[7]_rep__4/C","i_vrf/bank_ra_data_o_reg[1][60]/D",0.568,5.143,1.085,4.058,78.90,5,"FDCE=2;LUT5=3;LUT6=1;RAMD64E=1","D endpoint"
165,"P1 VRF read/capture","FSM_onehot_st_q_reg[7]_rep__4/C","i_vrf/bank_ra_data_o_reg[1][61]/D",0.568,5.143,1.085,4.058,78.90,5,"FDCE=2;LUT5=3;LUT6=1;RAMD64E=1","D endpoint"
166,"P1 VRF read/capture","FSM_onehot_st_q_reg[7]_rep__4/C","i_vrf/bank_ra_data_o_reg[1][62]/D",0.568,5.143,1.085,4.058,78.90,5,"FDCE=2;LUT5=3;LUT6=1;RAMD64E=1","D endpoint"
167,"P1 VRF read/capture","FSM_onehot_st_q_reg[7]_rep__4/C","i_vrf/bank_ra_data_o_reg[1][63]/D",0.568,5.143,1.085,4.058,78.90,5,"FDCE=2;LUT5=3;LUT6=1;RAMD64E=1","D endpoint"
168,"P1 VRF read/capture","FSM_onehot_st_q_reg[7]_rep__4/C","i_vrf/bank_ra_data_o_reg[1][6]/D",0.568,5.143,1.085,4.058,78.90,5,"FDCE=2;LUT5=3;LUT6=1;RAMD64E=1","D endpoint"
169,"P1 VRF read/capture","FSM_onehot_st_q_reg[7]_rep__4/C","i_vrf/bank_ra_data_o_reg[1][7]/D",0.568,5.143,1.085,4.058,78.90,5,"FDCE=2;LUT5=3;LUT6=1;RAMD64E=1","D endpoint"
170,"P1 VRF read/capture","FSM_onehot_st_q_reg[7]_rep__4/C","i_vrf/bank_ra_data_o_reg[1][8]/D",0.568,5.143,1.085,4.058,78.90,5,"FDCE=2;LUT5=3;LUT6=1;RAMD64E=1","D endpoint"
171,"P1 VRF read/capture","FSM_onehot_st_q_reg[7]_rep__4/C","i_vrf/bank_ra_data_o_reg[1][9]/D",0.568,5.143,1.085,4.058,78.90,5,"FDCE=2;LUT5=3;LUT6=1;RAMD64E=1","D endpoint"
172,"P1 VRF read/capture","FSM_onehot_st_q_reg[7]_rep__4/C","i_vrf/bank_ra_data_o_reg[2][0]/D",0.568,5.143,1.085,4.058,78.90,5,"FDCE=2;LUT5=3;LUT6=1;RAMD64E=1","D endpoint"
173,"P1 VRF read/capture","FSM_onehot_st_q_reg[7]_rep__4/C","i_vrf/bank_ra_data_o_reg[2][10]/D",0.568,5.143,1.085,4.058,78.90,5,"FDCE=2;LUT5=3;LUT6=1;RAMD64E=1","D endpoint"
174,"P1 VRF read/capture","FSM_onehot_st_q_reg[7]_rep__4/C","i_vrf/bank_ra_data_o_reg[2][11]/D",0.568,5.143,1.085,4.058,78.90,5,"FDCE=2;LUT5=3;LUT6=1;RAMD64E=1","D endpoint"
175,"P1 VRF read/capture","FSM_onehot_st_q_reg[7]_rep__4/C","i_vrf/bank_ra_data_o_reg[2][12]/D",0.568,5.143,1.085,4.058,78.90,5,"FDCE=2;LUT5=3;LUT6=1;RAMD64E=1","D endpoint"
176,"P1 VRF read/capture","FSM_onehot_st_q_reg[7]_rep__4/C","i_vrf/bank_ra_data_o_reg[2][13]/D",0.568,5.143,1.085,4.058,78.90,5,"FDCE=2;LUT5=3;LUT6=1;RAMD64E=1","D endpoint"
177,"P1 VRF read/capture","FSM_onehot_st_q_reg[7]_rep__4/C","i_vrf/bank_ra_data_o_reg[2][14]/D",0.568,5.143,1.085,4.058,78.90,5,"FDCE=2;LUT5=3;LUT6=1;RAMD64E=1","D endpoint"
178,"P1 VRF read/capture","FSM_onehot_st_q_reg[7]_rep__4/C","i_vrf/bank_ra_data_o_reg[2][15]/D",0.568,5.143,1.085,4.058,78.90,5,"FDCE=2;LUT5=3;LUT6=1;RAMD64E=1","D endpoint"
179,"P1 VRF read/capture","FSM_onehot_st_q_reg[7]_rep__4/C","i_vrf/bank_ra_data_o_reg[2][16]/D",0.568,5.143,1.085,4.058,78.90,5,"FDCE=2;LUT5=3;LUT6=1;RAMD64E=1","D endpoint"
180,"P1 VRF read/capture","FSM_onehot_st_q_reg[7]_rep__4/C","i_vrf/bank_ra_data_o_reg[2][17]/D",0.568,5.143,1.085,4.058,78.90,5,"FDCE=2;LUT5=3;LUT6=1;RAMD64E=1","D endpoint"
181,"P1 VRF read/capture","FSM_onehot_st_q_reg[7]_rep__4/C","i_vrf/bank_ra_data_o_reg[2][18]/D",0.568,5.143,1.085,4.058,78.90,5,"FDCE=2;LUT5=3;LUT6=1;RAMD64E=1","D endpoint"
182,"P1 VRF read/capture","FSM_onehot_st_q_reg[7]_rep__4/C","i_vrf/bank_ra_data_o_reg[2][19]/D",0.568,5.143,1.085,4.058,78.90,5,"FDCE=2;LUT5=3;LUT6=1;RAMD64E=1","D endpoint"
183,"P1 VRF read/capture","FSM_onehot_st_q_reg[7]_rep__4/C","i_vrf/bank_ra_data_o_reg[2][1]/D",0.568,5.143,1.085,4.058,78.90,5,"FDCE=2;LUT5=3;LUT6=1;RAMD64E=1","D endpoint"
184,"P1 VRF read/capture","FSM_onehot_st_q_reg[7]_rep__4/C","i_vrf/bank_ra_data_o_reg[2][20]/D",0.568,5.143,1.085,4.058,78.90,5,"FDCE=2;LUT5=3;LUT6=1;RAMD64E=1","D endpoint"
185,"P1 VRF read/capture","FSM_onehot_st_q_reg[7]_rep__4/C","i_vrf/bank_ra_data_o_reg[2][21]/D",0.568,5.143,1.085,4.058,78.90,5,"FDCE=2;LUT5=3;LUT6=1;RAMD64E=1","D endpoint"
186,"P1 VRF read/capture","FSM_onehot_st_q_reg[7]_rep__4/C","i_vrf/bank_ra_data_o_reg[2][22]/D",0.568,5.143,1.085,4.058,78.90,5,"FDCE=2;LUT5=3;LUT6=1;RAMD64E=1","D endpoint"
187,"P1 VRF read/capture","FSM_onehot_st_q_reg[7]_rep__4/C","i_vrf/bank_ra_data_o_reg[2][23]/D",0.568,5.143,1.085,4.058,78.90,5,"FDCE=2;LUT5=3;LUT6=1;RAMD64E=1","D endpoint"
188,"P1 VRF read/capture","FSM_onehot_st_q_reg[7]_rep__4/C","i_vrf/bank_ra_data_o_reg[2][24]/D",0.568,5.143,1.085,4.058,78.90,5,"FDCE=2;LUT5=3;LUT6=1;RAMD64E=1","D endpoint"
189,"P1 VRF read/capture","FSM_onehot_st_q_reg[7]_rep__4/C","i_vrf/bank_ra_data_o_reg[2][25]/D",0.568,5.143,1.085,4.058,78.90,5,"FDCE=2;LUT5=3;LUT6=1;RAMD64E=1","D endpoint"
190,"P1 VRF read/capture","FSM_onehot_st_q_reg[7]_rep__4/C","i_vrf/bank_ra_data_o_reg[2][26]/D",0.568,5.143,1.085,4.058,78.90,5,"FDCE=2;LUT5=3;LUT6=1;RAMD64E=1","D endpoint"
191,"P1 VRF read/capture","FSM_onehot_st_q_reg[7]_rep__4/C","i_vrf/bank_ra_data_o_reg[2][27]/D",0.568,5.143,1.085,4.058,78.90,5,"FDCE=2;LUT5=3;LUT6=1;RAMD64E=1","D endpoint"
192,"P1 VRF read/capture","FSM_onehot_st_q_reg[7]_rep__4/C","i_vrf/bank_ra_data_o_reg[2][28]/D",0.568,5.143,1.085,4.058,78.90,5,"FDCE=2;LUT5=3;LUT6=1;RAMD64E=1","D endpoint"
193,"P1 VRF read/capture","FSM_onehot_st_q_reg[7]_rep__4/C","i_vrf/bank_ra_data_o_reg[2][29]/D",0.568,5.143,1.085,4.058,78.90,5,"FDCE=2;LUT5=3;LUT6=1;RAMD64E=1","D endpoint"
194,"P1 VRF read/capture","FSM_onehot_st_q_reg[7]_rep__4/C","i_vrf/bank_ra_data_o_reg[2][2]/D",0.568,5.143,1.085,4.058,78.90,5,"FDCE=2;LUT5=3;LUT6=1;RAMD64E=1","D endpoint"
195,"P1 VRF read/capture","FSM_onehot_st_q_reg[7]_rep__4/C","i_vrf/bank_ra_data_o_reg[2][30]/D",0.568,5.143,1.085,4.058,78.90,5,"FDCE=2;LUT5=3;LUT6=1;RAMD64E=1","D endpoint"
196,"P1 VRF read/capture","FSM_onehot_st_q_reg[7]_rep__4/C","i_vrf/bank_ra_data_o_reg[2][31]/D",0.568,5.143,1.085,4.058,78.90,5,"FDCE=2;LUT5=3;LUT6=1;RAMD64E=1","D endpoint"
197,"P1 VRF read/capture","FSM_onehot_st_q_reg[7]_rep__4/C","i_vrf/bank_ra_data_o_reg[2][32]/D",0.568,5.143,1.085,4.058,78.90,5,"FDCE=2;LUT5=3;LUT6=1;RAMD64E=1","D endpoint"
198,"P1 VRF read/capture","FSM_onehot_st_q_reg[7]_rep__4/C","i_vrf/bank_ra_data_o_reg[2][33]/D",0.568,5.143,1.085,4.058,78.90,5,"FDCE=2;LUT5=3;LUT6=1;RAMD64E=1","D endpoint"
199,"P1 VRF read/capture","FSM_onehot_st_q_reg[7]_rep__4/C","i_vrf/bank_ra_data_o_reg[2][34]/D",0.568,5.143,1.085,4.058,78.90,5,"FDCE=2;LUT5=3;LUT6=1;RAMD64E=1","D endpoint"
200,"P1 VRF read/capture","FSM_onehot_st_q_reg[7]_rep__4/C","i_vrf/bank_ra_data_o_reg[2][35]/D",0.568,5.143,1.085,4.058,78.90,5,"FDCE=2;LUT5=3;LUT6=1;RAMD64E=1","D endpoint"
